{
  "model": "Qwen/Qwen3-0.6B",
  "n_train": 1500,
  "n_test": 300,
  "n_layers": 28,
  "nll_donor": 3.8446432198575424,
  "nll_lesion": 18.138332069857437,
  "nll_grafted": 9.64363500357152,
  "improvement": 8.494697066285918,
  "ceiling_gap": 5.798991783713977,
  "reference_genome_087_fm_kl_200step": "~3.3-3.5 nats (from ledger)",
  "verdict": "PARTIAL: significant improvement but not within ceiling gap",
  "layer_results": {
    "0": {
      "rank": 1500,
      "r2_train": 0.9999999999999457
    },
    "1": {
      "rank": 1500,
      "r2_train": 0.9999999999999458
    },
    "2": {
      "rank": 1500,
      "r2_train": 0.9999999999999696
    },
    "3": {
      "rank": 1500,
      "r2_train": 0.9999999999999777
    },
    "4": {
      "rank": 1500,
      "r2_train": 0.9999999999999614
    },
    "5": {
      "rank": 1500,
      "r2_train": 0.9999999999999442
    },
    "6": {
      "rank": 1500,
      "r2_train": 0.9999999999999478
    },
    "7": {
      "rank": 1500,
      "r2_train": 0.9999999999999403
    },
    "8": {
      "rank": 1500,
      "r2_train": 0.9999999999999375
    },
    "9": {
      "rank": 1500,
      "r2_train": 0.9999999999999278
    },
    "10": {
      "rank": 1500,
      "r2_train": 0.9999999999999342
    },
    "11": {
      "rank": 1500,
      "r2_train": 0.9999999999999369
    },
    "12": {
      "rank": 1500,
      "r2_train": 0.9999999999999316
    },
    "13": {
      "rank": 1500,
      "r2_train": 0.9999999999999355
    },
    "14": {
      "rank": 1500,
      "r2_train": 0.9999999999999292
    },
    "15": {
      "rank": 1500,
      "r2_train": 0.9999999999999236
    },
    "16": {
      "rank": 1500,
      "r2_train": 0.9999999999999338
    },
    "17": {
      "rank": 1500,
      "r2_train": 0.9999999999999374
    },
    "18": {
      "rank": 1500,
      "r2_train": 0.9999999999999388
    },
    "19": {
      "rank": 1500,
      "r2_train": 0.9999999999999385
    },
    "20": {
      "rank": 1500,
      "r2_train": 0.9999999999999353
    },
    "21": {
      "rank": 1500,
      "r2_train": 0.9999999999999346
    },
    "22": {
      "rank": 1500,
      "r2_train": 0.9999999999999319
    },
    "23": {
      "rank": 1500,
      "r2_train": 0.9999999999999236
    },
    "24": {
      "rank": 1500,
      "r2_train": 0.9999999999999332
    },
    "25": {
      "rank": 1500,
      "r2_train": 0.9999999999999457
    },
    "26": {
      "rank": 1500,
      "r2_train": 0.9999999999999477
    },
    "27": {
      "rank": 1500,
      "r2_train": 0.9999999999998659
    }
  },
  "elapsed_s": 446.2790379524231
}