{
  "timestamp": "2026-04-21 13:44:20",
  "part_a_synthetic": {
    "n_trials": 5,
    "n": 2000,
    "h": 768,
    "k": 10,
    "n_block": 200,
    "analytic_se_mean": 0.001124143784202971,
    "analytic_se_std": 0.000146954077673138,
    "empirical_se_mean": 0.01234900637506342,
    "empirical_se_std": 0.0034420766176796003,
    "ratio_mean": 10.981132842849046,
    "ratio_std": 2.6410869902911123,
    "ratio_min": 8.360207513854268,
    "ratio_max": 14.609334498904355
  },
  "part_b_real_cloud": {
    "qwen3-0.6b": {
      "system_key": "qwen3-0.6b",
      "k": 10,
      "per_depth": [
        {
          "depth": 0.26,
          "n_seeds": 3,
          "C_mean": 0.3267111111111111,
          "C_per_seed": [
            0.3321666666666666,
            0.3296555555555556,
            0.31831111111111116
          ],
          "empirical_se_across_seeds": 0.007382169041215856,
          "analytic_se_mean": 0.002874355787444303,
          "ratio": 2.568286456010142
        },
        {
          "depth": 0.52,
          "n_seeds": 3,
          "C_mean": 0.31375185185185184,
          "C_per_seed": [
            0.3112111111111111,
            0.31634444444444443,
            0.31370000000000003
          ],
          "empirical_se_across_seeds": 0.0025670594536712815,
          "analytic_se_mean": 0.0030905938880771244,
          "ratio": 0.830603937561601
        },
        {
          "depth": 0.74,
          "n_seeds": 3,
          "C_mean": 0.35165555555555555,
          "C_per_seed": [
            0.3489888888888889,
            0.3577555555555556,
            0.34822222222222216
          ],
          "empirical_se_across_seeds": 0.005296644640189196,
          "analytic_se_mean": 0.00335096127452183,
          "ratio": 1.5806343925488584
        }
      ],
      "mean_ratio": 1.6598415953735337,
      "max_ratio": 2.568286456010142,
      "min_ratio": 0.830603937561601
    },
    "rwkv-4-169m": {
      "system_key": "rwkv-4-169m",
      "k": 10,
      "per_depth": [
        {
          "depth": 0.27,
          "n_seeds": 3,
          "C_mean": 0.3083925925925926,
          "C_per_seed": [
            0.31416666666666665,
            0.3098666666666667,
            0.30114444444444444
          ],
          "empirical_se_across_seeds": 0.006635076388642978,
          "analytic_se_mean": 0.002755923327010988,
          "ratio": 2.4075692967233824
        },
        {
          "depth": 0.55,
          "n_seeds": 3,
          "C_mean": 0.33350740740740736,
          "C_per_seed": [
            0.3378111111111111,
            0.33623333333333333,
            0.32647777777777776
          ],
          "empirical_se_across_seeds": 0.006138738895435904,
          "analytic_se_mean": 0.002921105066257735,
          "ratio": 2.1015125283387386
        },
        {
          "depth": 0.73,
          "n_seeds": 3,
          "C_mean": 0.35713703703703703,
          "C_per_seed": [
            0.35925555555555555,
            0.3608,
            0.35135555555555553
          ],
          "empirical_se_across_seeds": 0.005066110268344834,
          "analytic_se_mean": 0.0029812322309629886,
          "ratio": 1.6993343269367043
        }
      ],
      "mean_ratio": 2.0694720506662754,
      "max_ratio": 2.4075692967233824,
      "min_ratio": 1.6993343269367043
    },
    "dinov2-small": {
      "system_key": "dinov2-small",
      "k": 10,
      "per_depth": [
        {
          "depth": 0.27,
          "n_seeds": 3,
          "C_mean": 0.31458148148148146,
          "C_per_seed": [
            0.3118666666666667,
            0.3128444444444444,
            0.3190333333333333
          ],
          "empirical_se_across_seeds": 0.003886290136982356,
          "analytic_se_mean": 0.00245692397098689,
          "ratio": 1.5817706128853275
        },
        {
          "depth": 0.55,
          "n_seeds": 3,
          "C_mean": 0.3072,
          "C_per_seed": [
            0.31068888888888885,
            0.3041333333333333,
            0.30677777777777776
          ],
          "empirical_se_across_seeds": 0.0032981101958845255,
          "analytic_se_mean": 0.0027585551008488395,
          "ratio": 1.1955933719337581
        },
        {
          "depth": 0.73,
          "n_seeds": 3,
          "C_mean": 0.35441111111111107,
          "C_per_seed": [
            0.3545888888888889,
            0.3577444444444444,
            0.3509
          ],
          "empirical_se_across_seeds": 0.0034256836751187735,
          "analytic_se_mean": 0.003052939599471472,
          "ratio": 1.122093497883069
        }
      ],
      "mean_ratio": 1.2998191609007181,
      "max_ratio": 1.5817706128853275,
      "min_ratio": 1.122093497883069
    },
    "falcon-h1-0.5b": {
      "system_key": "falcon-h1-0.5b",
      "k": 10,
      "per_depth": [
        {
          "depth": 0.26,
          "n_seeds": 3,
          "C_mean": 0.3139518518518518,
          "C_per_seed": [
            0.3243111111111111,
            0.3154111111111111,
            0.3021333333333333
          ],
          "empirical_se_across_seeds": 0.01116066910984391,
          "analytic_se_mean": 0.002634476712576337,
          "ratio": 4.236389356690556
        },
        {
          "depth": 0.51,
          "n_seeds": 3,
          "C_mean": 0.31096666666666667,
          "C_per_seed": [
            0.31332222222222217,
            0.31356666666666666,
            0.3060111111111111
          ],
          "empirical_se_across_seeds": 0.004293377041415403,
          "analytic_se_mean": 0.0028998466065152293,
          "ratio": 1.4805531541870893
        },
        {
          "depth": 0.74,
          "n_seeds": 3,
          "C_mean": 0.3479259259259259,
          "C_per_seed": [
            0.3488666666666666,
            0.3509111111111111,
            0.344
          ],
          "empirical_se_across_seeds": 0.0035502970373615236,
          "analytic_se_mean": 0.003359580029952297,
          "ratio": 1.0567681093029853
        }
      ],
      "mean_ratio": 2.25790354006021,
      "max_ratio": 4.236389356690556,
      "min_ratio": 1.0567681093029853
    },
    "deepseek-r1-distill-qwen-1.5b": {
      "system_key": "deepseek-r1-distill-qwen-1.5b",
      "k": 10,
      "per_depth": [
        {
          "depth": 0.26,
          "n_seeds": 2,
          "C_mean": 0.31133888888888894,
          "C_per_seed": [
            0.3165777777777778,
            0.30610000000000004
          ],
          "empirical_se_across_seeds": 0.007408907718432363,
          "analytic_se_mean": 0.003010702744722831,
          "ratio": 2.4608565986654987
        },
        {
          "depth": 0.52,
          "n_seeds": 2,
          "C_mean": 0.3050777777777778,
          "C_per_seed": [
            0.30861111111111106,
            0.3015444444444445
          ],
          "empirical_se_across_seeds": 0.004996887920384856,
          "analytic_se_mean": 0.0029075704106655796,
          "ratio": 1.7185784737444851
        },
        {
          "depth": 0.74,
          "n_seeds": 2,
          "C_mean": 0.3166,
          "C_per_seed": [
            0.32107777777777774,
            0.3121222222222222
          ],
          "empirical_se_across_seeds": 0.006332534062626189,
          "analytic_se_mean": 0.00294114770714217,
          "ratio": 2.153082636786797
        }
      ],
      "mean_ratio": 2.110839236398927,
      "max_ratio": 2.4608565986654987,
      "min_ratio": 1.7185784737444851
    }
  }
}