{
  "rows": [
    {
      "eff_rank": 25.230388074473204,
      "alpha": 0.8064554454804951,
      "sqrt_er_alpha": 4.050814389656571,
      "er_alpha2": 16.409097219448736,
      "label": "qwen3-0.6b-base",
      "h": 1024
    },
    {
      "eff_rank": 37.48093350559954,
      "alpha": 0.6820935053789116,
      "sqrt_er_alpha": 4.17589061302245,
      "er_alpha2": 17.438062411929014,
      "label": "qwen3-1.7b",
      "h": 2048
    },
    {
      "eff_rank": 33.57736814105909,
      "alpha": 0.7274339356623448,
      "sqrt_er_alpha": 4.215187364266439,
      "er_alpha2": 17.767804515871443,
      "label": "deepseek-r1-distill-qwen-1.5b",
      "h": 1536
    },
    {
      "eff_rank": 28.553589969906895,
      "alpha": 0.7844691449539012,
      "sqrt_er_alpha": 4.191854750896989,
      "er_alpha2": 17.571646252617665,
      "label": "falcon-h1-0.5b-instruct",
      "h": 1024
    }
  ]
}