{
  "n_sessions_completed": 4,
  "n_sessions_total": 5,
  "DINOv2_reference_band": [
    0.3,
    0.35
  ],
  "per_session": [
    {
      "idx": 0,
      "kNN_k10": 0.3534,
      "SE": 0.005
    },
    {
      "idx": 1,
      "kNN_k10": 0.3222,
      "SE": 0.0047
    },
    {
      "idx": 2,
      "kNN_k10": 0.3937,
      "SE": 0.0058
    },
    {
      "idx": 3,
      "kNN_k10": 0.266,
      "SE": 0.0032
    }
  ],
  "summary": {
    "mean": 0.333825,
    "SD": 0.05386268807501782,
    "SE_of_mean": 0.02693134403750891,
    "CV_pct": 16.13500728675738,
    "min": 0.266,
    "max": 0.3937,
    "pass_rate_delta_0.10": 100.0,
    "pass_rate_delta_0.05": 100.0,
    "g2_5_criterion_60pct_at_delta_0.10": true
  }
}