{
  "purpose": "Candidate-8 bridge on Allen V1 Neuropixels",
  "n_neurons_per_session": 50,
  "per_session": [
    {
      "c": 2.4876286932956293,
      "p": 0.24040598940869035,
      "d_rd": 10.34761529616743,
      "eff_rank": 22.58634247473479,
      "alpha": 0.20012329456364167,
      "ratio": 2.182758232527292,
      "rel_err_ratio_vs_c": 0.12255464876650975,
      "session_idx": 0,
      "session_id": "sub-699733573_sub-699733573_ses-715093703",
      "n_units": 50,
      "n_frames": 18000
    }
  ]
}