{
  "teacher_nll": 3.6560819759368894,
  "lesion_nll": 4.838516464233399,
  "mean_shift_nll": 4.073903686523438,
  "per_rank": [
    {
      "rank": 48,
      "r2": 0.6215087175369263,
      "replace_nll": 14.723325904846192,
      "residual_nll": 8.814959869384765
    },
    {
      "rank": 256,
      "r2": 0.9059663861989975,
      "replace_nll": 9.812338989257812,
      "residual_nll": 4.911335723876953
    },
    {
      "rank": 1024,
      "r2": 0.9999999999962662,
      "replace_nll": 5.364554702758789,
      "residual_nll": 4.2074841842651365
    }
  ],
  "best": {
    "hook": "mean",
    "nll": 4.073903686523438,
    "rank": null
  }
}