{
  "purpose": "Mean-shift capability surgery layer-depth generalization",
  "per_condition": [
    {
      "lesion_layer": 7,
      "lesion_scale": 1.0,
      "teacher_nll": 3.6560819759368894,
      "lesion_nll": 6.365031021118164,
      "mean_shift_nll": 4.809482662200928,
      "mean_rotation_nll": 12.493961929321289,
      "fg_closed_mean": 0.5742257727897365,
      "fg_closed_mean_rot": -2.262475523157356
    },
    {
      "lesion_layer": 14,
      "lesion_scale": 1.0,
      "teacher_nll": 3.6560819759368894,
      "lesion_nll": 4.718925228118897,
      "mean_shift_nll": 4.091911071777344,
      "mean_rotation_nll": 11.93550365447998,
      "fg_closed_mean": 0.5899403840164567,
      "fg_closed_mean_rot": -6.789880268370256
    },
    {
      "lesion_layer": 21,
      "lesion_scale": 1.0,
      "teacher_nll": 3.6560819759368894,
      "lesion_nll": 7.822353824615479,
      "mean_shift_nll": 5.0131752243042,
      "mean_rotation_nll": 9.184853721618653,
      "fg_closed_mean": 0.6742667551091902,
      "fg_closed_mean_rot": -0.32703096353045635
    }
  ],
  "mean_fg_closed_across_layers": 0.6128109706384611,
  "verdict": "MEAN_SHIFT_GENERALIZES - mean fraction_gap_closed 0.61 across 3 lesion layers. Capability surgery via mean-shift is a layer-agnostic effect on Qwen3."
}