{
  "system_key": "deepseek-r1-distill-qwen-1.5b",
  "n_layers": 28,
  "depth_index": 2,
  "k_index": 20,
  "k_normalized": 0.7407,
  "n_sentences": 500,
  "seed": 42,
  "results": {
    "baseline": {
      "loss": 4.302459388971329,
      "se": 0.024517107899014894,
      "ntok": 64000
    },
    "topk|lam=0.0": {
      "loss": 4.302459388971329,
      "se": 0.024517107899014894,
      "ntok": 64000
    },
    "topk|lam=0.25": {
      "loss": 4.368905991315842,
      "se": 0.02605697603692161,
      "ntok": 64000,
      "delta": 0.06644660234451294,
      "rel_delta": 0.015443865086754393
    },
    "topk|lam=0.5": {
      "loss": 4.491513475775719,
      "se": 0.028535393530613445,
      "ntok": 64000,
      "delta": 0.18905408680438995,
      "rel_delta": 0.043940934640545375
    },
    "topk|lam=0.75": {
      "loss": 4.675439089536667,
      "se": 0.032405217652688736,
      "ntok": 64000,
      "delta": 0.37297970056533813,
      "rel_delta": 0.08668988288917087
    },
    "topk|lam=1.0": {
      "loss": 4.918935373425484,
      "se": 0.03818170633644352,
      "ntok": 64000,
      "delta": 0.616475984454155,
      "rel_delta": 0.14328455627829823
    },
    "random|lam=0.0": {
      "loss": 4.302459388971329,
      "se": 0.024517107899014894,
      "ntok": 64000
    },
    "random|lam=0.25": {
      "loss": 4.304056778550148,
      "se": 0.024459512925365755,
      "ntok": 64000,
      "delta": 0.001597389578819275,
      "rel_delta": 0.00037127359828518765
    },
    "random|lam=0.5": {
      "loss": 4.306302696466446,
      "se": 0.024467677824517375,
      "ntok": 64000,
      "delta": 0.0038433074951171875,
      "rel_delta": 0.000893281527530253
    },
    "random|lam=0.75": {
      "loss": 4.310435473918915,
      "se": 0.024707850855879423,
      "ntok": 64000,
      "delta": 0.00797608494758606,
      "rel_delta": 0.0018538431688702249
    },
    "random|lam=1.0": {
      "loss": 4.313010051846504,
      "se": 0.024988586727251304,
      "ntok": 64000,
      "delta": 0.010550662875175476,
      "rel_delta": 0.0024522399681959637
    },
    "pca|lam=0.0": {
      "loss": 4.302459388971329,
      "se": 0.024517107899014894,
      "ntok": 64000
    },
    "pca|lam=0.25": {
      "loss": 4.3661197274923325,
      "se": 0.024751024111168342,
      "ntok": 64000,
      "delta": 0.06366033852100372,
      "rel_delta": 0.014796267149943795
    },
    "pca|lam=0.5": {
      "loss": 4.459020987153053,
      "se": 0.025345701411287617,
      "ntok": 64000,
      "delta": 0.15656159818172455,
      "rel_delta": 0.036388861352891634
    },
    "pca|lam=0.75": {
      "loss": 4.58560574054718,
      "se": 0.026814843777091372,
      "ntok": 64000,
      "delta": 0.28314635157585144,
      "rel_delta": 0.06581034844899458
    },
    "pca|lam=1.0": {
      "loss": 4.747294485569,
      "se": 0.029124310066951084,
      "ntok": 64000,
      "delta": 0.4448350965976715,
      "rel_delta": 0.10339088795072317
    }
  },
  "total_wall_clock_seconds": 256.27
}