{
  "system_key": "rwkv-4-169m",
  "n_layers": 12,
  "depth_index": 1,
  "k_index": 6,
  "k_normalized": 0.5455,
  "n_sentences": 500,
  "seed": 42,
  "results": {
    "baseline": {
      "loss": 3.5077667832374573,
      "se": 0.01826780981006262,
      "ntok": 64000
    },
    "topk|lam=0.0": {
      "loss": 3.5077667832374573,
      "se": 0.01826780981006262,
      "ntok": 64000
    },
    "topk|lam=0.25": {
      "loss": 4.994135916233063,
      "se": 0.04241431619284946,
      "ntok": 64000,
      "delta": 1.4863691329956055,
      "rel_delta": 0.42373658935893577
    },
    "topk|lam=0.5": {
      "loss": 9.915168464183807,
      "se": 0.18595865334721406,
      "ntok": 64000,
      "delta": 6.40740168094635,
      "rel_delta": 1.826632748666576
    },
    "topk|lam=0.75": {
      "loss": 15.97862908244133,
      "se": 0.49763099141186934,
      "ntok": 64000,
      "delta": 12.470862299203873,
      "rel_delta": 3.555214206029404
    },
    "topk|lam=1.0": {
      "loss": 19.041888743638992,
      "se": 0.5958977866394598,
      "ntok": 64000,
      "delta": 15.534121960401535,
      "rel_delta": 4.42849337493996
    },
    "random|lam=0.0": {
      "loss": 3.5077667832374573,
      "se": 0.01826780981006262,
      "ntok": 64000
    },
    "random|lam=0.25": {
      "loss": 3.53850194811821,
      "se": 0.019144316650712943,
      "ntok": 64000,
      "delta": 0.030735164880752563,
      "rel_delta": 0.008762032022090664
    },
    "random|lam=0.5": {
      "loss": 3.616514131426811,
      "se": 0.01831946065846026,
      "ntok": 64000,
      "delta": 0.10874734818935394,
      "rel_delta": 0.03100187524125726
    },
    "random|lam=0.75": {
      "loss": 3.757208578288555,
      "se": 0.03961490038844473,
      "ntok": 64000,
      "delta": 0.24944179505109787,
      "rel_delta": 0.07111128260952347
    },
    "random|lam=1.0": {
      "loss": 3.96334820240736,
      "se": 0.04348903774322691,
      "ntok": 64000,
      "delta": 0.4555814191699028,
      "rel_delta": 0.1298779101697943
    },
    "pca|lam=0.0": {
      "loss": 3.5077667832374573,
      "se": 0.01826780981006262,
      "ntok": 64000
    },
    "pca|lam=0.25": {
      "loss": 3.5678045824170113,
      "se": 0.018603906410685486,
      "ntok": 64000,
      "delta": 0.060037799179553986,
      "rel_delta": 0.017115675838672125
    },
    "pca|lam=0.5": {
      "loss": 3.680951438844204,
      "se": 0.019306237309577198,
      "ntok": 64000,
      "delta": 0.17318465560674667,
      "rel_delta": 0.04937177021982849
    },
    "pca|lam=0.75": {
      "loss": 3.851086027920246,
      "se": 0.02132400201142851,
      "ntok": 64000,
      "delta": 0.34331924468278885,
      "rel_delta": 0.0978740223903728
    },
    "pca|lam=1.0": {
      "loss": 4.078619986772537,
      "se": 0.02493581093838411,
      "ntok": 64000,
      "delta": 0.57085320353508,
      "rel_delta": 0.16273978254854699
    }
  },
  "total_wall_clock_seconds": 4155.35
}