{
  "system_key": "deepseek-r1-distill-qwen-1.5b",
  "n_layers": 28,
  "depth_index": 0,
  "k_index": 7,
  "k_normalized": 0.2593,
  "n_sentences": 500,
  "seed": 42,
  "results": {
    "baseline": {
      "loss": 4.302459388971329,
      "se": 0.024517107899014894,
      "ntok": 64000
    },
    "topk|lam=0.0": {
      "loss": 4.302459388971329,
      "se": 0.024517107899014894,
      "ntok": 64000
    },
    "topk|lam=0.25": {
      "loss": 4.352554574608803,
      "se": 0.024266436243654613,
      "ntok": 64000,
      "delta": 0.05009518563747406,
      "rel_delta": 0.011643383727429273
    },
    "topk|lam=0.5": {
      "loss": 4.422639474272728,
      "se": 0.024050032341627482,
      "ntok": 64000,
      "delta": 0.12018008530139923,
      "rel_delta": 0.027932880809860006
    },
    "topk|lam=0.75": {
      "loss": 4.51665435731411,
      "se": 0.0245057091561128,
      "ntok": 64000,
      "delta": 0.21419496834278107,
      "rel_delta": 0.04978430915393085
    },
    "topk|lam=1.0": {
      "loss": 4.638502731919289,
      "se": 0.02667582805953633,
      "ntok": 64000,
      "delta": 0.3360433429479599,
      "rel_delta": 0.078104942445094
    },
    "random|lam=0.0": {
      "loss": 4.302459388971329,
      "se": 0.024517107899014894,
      "ntok": 64000
    },
    "random|lam=0.25": {
      "loss": 4.304071813821793,
      "se": 0.024290551498862598,
      "ntok": 64000,
      "delta": 0.0016124248504638672,
      "rel_delta": 0.000374768174360242
    },
    "random|lam=0.5": {
      "loss": 4.304507285356522,
      "se": 0.024601573048571995,
      "ntok": 64000,
      "delta": 0.002047896385192871,
      "rel_delta": 0.0004759827345360489
    },
    "random|lam=0.75": {
      "loss": 4.307326212525368,
      "se": 0.02427090204746152,
      "ntok": 64000,
      "delta": 0.0048668235540390015,
      "rel_delta": 0.0011311724560409172
    },
    "random|lam=1.0": {
      "loss": 4.311221554875374,
      "se": 0.02498251838171657,
      "ntok": 64000,
      "delta": 0.008762165904045105,
      "rel_delta": 0.002036548195319525
    },
    "pca|lam=0.0": {
      "loss": 4.302459388971329,
      "se": 0.024517107899014894,
      "ntok": 64000
    },
    "pca|lam=0.25": {
      "loss": 4.339645624160767,
      "se": 0.024725102704175696,
      "ntok": 64000,
      "delta": 0.037186235189437866,
      "rel_delta": 0.008643018289669131
    },
    "pca|lam=0.5": {
      "loss": 4.3867345452308655,
      "se": 0.02514604272648979,
      "ntok": 64000,
      "delta": 0.08427515625953674,
      "rel_delta": 0.019587670362575117
    },
    "pca|lam=0.75": {
      "loss": 4.446304574608803,
      "se": 0.026796877463008382,
      "ntok": 64000,
      "delta": 0.14384518563747406,
      "rel_delta": 0.03343324657664366
    },
    "pca|lam=1.0": {
      "loss": 4.5158290565013885,
      "se": 0.028831117121900268,
      "ntok": 64000,
      "delta": 0.21336966753005981,
      "rel_delta": 0.04959248844439974
    }
  },
  "total_wall_clock_seconds": 205.46
}