{
  "system_key": "rwkv-4-169m",
  "n_layers": 12,
  "depth_index": 0,
  "k_index": 3,
  "k_normalized": 0.2727,
  "n_sentences": 500,
  "seed": 42,
  "results": {
    "baseline": {
      "loss": 3.5077667832374573,
      "se": 0.01826780981006262,
      "ntok": 64000
    },
    "topk|lam=0.0": {
      "loss": 3.5077667832374573,
      "se": 0.01826780981006262,
      "ntok": 64000
    },
    "topk|lam=0.25": {
      "loss": 4.250764288008213,
      "se": 0.028827151662459038,
      "ntok": 64000,
      "delta": 0.7429975047707558,
      "rel_delta": 0.21181496681059675
    },
    "topk|lam=0.5": {
      "loss": 8.040308743715286,
      "se": 0.219612536507878,
      "ntok": 64000,
      "delta": 4.532541960477829,
      "rel_delta": 1.2921446152399465
    },
    "topk|lam=0.75": {
      "loss": 13.610595941543579,
      "se": 0.4772133601668455,
      "ntok": 64000,
      "delta": 10.102829158306122,
      "rel_delta": 2.8801313720696733
    },
    "topk|lam=1.0": {
      "loss": 16.290141880512238,
      "se": 0.5163040934152887,
      "ntok": 64000,
      "delta": 12.78237509727478,
      "rel_delta": 3.644020793616564
    },
    "random|lam=0.0": {
      "loss": 3.5077667832374573,
      "se": 0.01826780981006262,
      "ntok": 64000
    },
    "random|lam=0.25": {
      "loss": 3.5273274183273315,
      "se": 0.018464279288572305,
      "ntok": 64000,
      "delta": 0.019560635089874268,
      "rel_delta": 0.005576378447777244
    },
    "random|lam=0.5": {
      "loss": 3.5761651173233986,
      "se": 0.017438543555807876,
      "ntok": 64000,
      "delta": 0.06839833408594131,
      "rel_delta": 0.0194991110619999
    },
    "random|lam=0.75": {
      "loss": 3.64304069429636,
      "se": 0.025013447896139393,
      "ntok": 64000,
      "delta": 0.13527391105890274,
      "rel_delta": 0.03856411198866906
    },
    "random|lam=1.0": {
      "loss": 3.7718646824359894,
      "se": 0.03252217818201071,
      "ntok": 64000,
      "delta": 0.2640978991985321,
      "rel_delta": 0.07528946920319077
    },
    "pca|lam=0.0": {
      "loss": 3.5077667832374573,
      "se": 0.01826780981006262,
      "ntok": 64000
    },
    "pca|lam=0.25": {
      "loss": 3.5419678166508675,
      "se": 0.018550061862690048,
      "ntok": 64000,
      "delta": 0.03420103341341019,
      "rel_delta": 0.009750087598995021
    },
    "pca|lam=0.5": {
      "loss": 3.5987718999385834,
      "se": 0.019223435293611785,
      "ntok": 64000,
      "delta": 0.0910051167011261,
      "rel_delta": 0.025943890322472882
    },
    "pca|lam=0.75": {
      "loss": 3.682169310748577,
      "se": 0.02076668517753822,
      "ntok": 64000,
      "delta": 0.17440252751111984,
      "rel_delta": 0.04971896317182091
    },
    "pca|lam=1.0": {
      "loss": 3.794729635119438,
      "se": 0.022956634815910353,
      "ntok": 64000,
      "delta": 0.2869628518819809,
      "rel_delta": 0.08180784801694584
    }
  },
  "total_wall_clock_seconds": 243.1
}