{
  "system_key": "qwen3-0.6b",
  "n_layers": 28,
  "depth_index": 1,
  "k_index": 14,
  "k_normalized": 0.5185,
  "n_sentences": 200,
  "seed": 42,
  "results": {
    "baseline": {
      "loss": 3.6917452261998105,
      "se": 0.03565784781386328,
      "ntok": 25600
    },
    "topk|lam=0.0": {
      "loss": 3.6917452261998105,
      "se": 0.03565784781386328,
      "ntok": 25600
    },
    "topk|lam=0.25": {
      "loss": 3.828692839695857,
      "se": 0.03192782404127527,
      "ntok": 25600,
      "delta": 0.13694761349604656,
      "rel_delta": 0.037095629601996395
    },
    "topk|lam=0.5": {
      "loss": 4.241254568099976,
      "se": 0.038273573721297714,
      "ntok": 25600,
      "delta": 0.5495093419001651,
      "rel_delta": 0.1488481214793406
    },
    "topk|lam=0.75": {
      "loss": 4.896914188678448,
      "se": 0.05687380976946133,
      "ntok": 25600,
      "delta": 1.2051689624786373,
      "rel_delta": 0.3264496569063645
    },
    "topk|lam=1.0": {
      "loss": 5.741939397958609,
      "se": 0.08670986452645625,
      "ntok": 25600,
      "delta": 2.050194171758798,
      "rel_delta": 0.5553455198394653
    },
    "random|lam=0.0": {
      "loss": 3.6917452261998105,
      "se": 0.03565784781386328,
      "ntok": 25600
    },
    "random|lam=0.25": {
      "loss": 3.694270427410419,
      "se": 0.03590409007211222,
      "ntok": 25600,
      "delta": 0.0025252012106085076,
      "rel_delta": 0.0006840128600119803
    },
    "random|lam=0.5": {
      "loss": 3.7011783306415262,
      "se": 0.03536751626429146,
      "ntok": 25600,
      "delta": 0.009433104441715745,
      "rel_delta": 0.002555188363154178
    },
    "random|lam=0.75": {
      "loss": 3.7151362895965576,
      "se": 0.036574353988018386,
      "ntok": 25600,
      "delta": 0.023391063396747125,
      "rel_delta": 0.0063360448686285145
    },
    "random|lam=1.0": {
      "loss": 3.71723197056697,
      "se": 0.033730143098389107,
      "ntok": 25600,
      "delta": 0.025486744367159364,
      "rel_delta": 0.006903711606717449
    },
    "pca|lam=0.0": {
      "loss": 3.6917452261998105,
      "se": 0.03565784781386328,
      "ntok": 25600
    },
    "pca|lam=0.25": {
      "loss": 3.729808605634249,
      "se": 0.03560858100413753,
      "ntok": 25600,
      "delta": 0.038063379434438716,
      "rel_delta": 0.01031040256091025
    },
    "pca|lam=0.5": {
      "loss": 3.7901478730715237,
      "se": 0.035768322296196114,
      "ntok": 25600,
      "delta": 0.09840264687171318,
      "rel_delta": 0.026654777305151794
    },
    "pca|lam=0.75": {
      "loss": 3.8777152574979343,
      "se": 0.03626684287630142,
      "ntok": 25600,
      "delta": 0.18597003129812384,
      "rel_delta": 0.05037455726313939
    },
    "pca|lam=1.0": {
      "loss": 3.9974756240844727,
      "se": 0.037315342961621846,
      "ntok": 25600,
      "delta": 0.30573039788466216,
      "rel_delta": 0.08281459828672233
    }
  },
  "total_wall_clock_seconds": 43.2
}