{
  "system_key": "deepseek-r1-distill-qwen-1.5b",
  "n_layers": 28,
  "depth_index": 1,
  "k_index": 14,
  "k_normalized": 0.5185,
  "n_sentences": 500,
  "seed": 42,
  "results": {
    "baseline": {
      "loss": 4.302459388971329,
      "se": 0.024517107899014894,
      "ntok": 64000
    },
    "topk|lam=0.0": {
      "loss": 4.302459388971329,
      "se": 0.024517107899014894,
      "ntok": 64000
    },
    "topk|lam=0.25": {
      "loss": 4.374682545661926,
      "se": 0.025427781360856307,
      "ntok": 64000,
      "delta": 0.07222315669059753,
      "rel_delta": 0.01678648190747137
    },
    "topk|lam=0.5": {
      "loss": 4.488087937235832,
      "se": 0.02689055752205029,
      "ntok": 64000,
      "delta": 0.18562854826450348,
      "rel_delta": 0.04314475314754458
    },
    "topk|lam=0.75": {
      "loss": 4.652488619089127,
      "se": 0.02967339543613854,
      "ntok": 64000,
      "delta": 0.35002923011779785,
      "rel_delta": 0.08135561511981779
    },
    "topk|lam=1.0": {
      "loss": 4.872183203697205,
      "se": 0.034225940487359795,
      "ntok": 64000,
      "delta": 0.5697238147258759,
      "rel_delta": 0.13241817370461936
    },
    "random|lam=0.0": {
      "loss": 4.302459388971329,
      "se": 0.024517107899014894,
      "ntok": 64000
    },
    "random|lam=0.25": {
      "loss": 4.304790124297142,
      "se": 0.02418429588381023,
      "ntok": 64000,
      "delta": 0.0023307353258132935,
      "rel_delta": 0.0005417216329311005
    },
    "random|lam=0.5": {
      "loss": 4.303764536976814,
      "se": 0.024719884450609297,
      "ntok": 64000,
      "delta": 0.0013051480054855347,
      "rel_delta": 0.0003033492910661921
    },
    "random|lam=0.75": {
      "loss": 4.314133986830711,
      "se": 0.02407817142270586,
      "ntok": 64000,
      "delta": 0.01167459785938263,
      "rel_delta": 0.0027134707858739136
    },
    "random|lam=1.0": {
      "loss": 4.3106546849012375,
      "se": 0.025382070874237904,
      "ntok": 64000,
      "delta": 0.008195295929908752,
      "rel_delta": 0.001904793326095324
    },
    "pca|lam=0.0": {
      "loss": 4.302459388971329,
      "se": 0.024517107899014894,
      "ntok": 64000
    },
    "pca|lam=0.25": {
      "loss": 4.3633703738451,
      "se": 0.024622507906650833,
      "ntok": 64000,
      "delta": 0.06091098487377167,
      "rel_delta": 0.014157248068373941
    },
    "pca|lam=0.5": {
      "loss": 4.445873782038689,
      "se": 0.024967586800035423,
      "ntok": 64000,
      "delta": 0.14341439306735992,
      "rel_delta": 0.03333311952577169
    },
    "pca|lam=0.75": {
      "loss": 4.555703833699226,
      "se": 0.02643032499396696,
      "ntok": 64000,
      "delta": 0.25324444472789764,
      "rel_delta": 0.058860391658094334
    },
    "pca|lam=1.0": {
      "loss": 4.69401989877224,
      "se": 0.028552883648983726,
      "ntok": 64000,
      "delta": 0.39156050980091095,
      "rel_delta": 0.09100853126112338
    }
  },
  "total_wall_clock_seconds": 225.41
}