{
  "system_key": "qwen3-0.6b",
  "n_layers": 28,
  "depth_index": 2,
  "k_index": 20,
  "k_normalized": 0.7407,
  "n_sentences": 500,
  "seed": 42,
  "results": {
    "baseline": {
      "loss": 3.6606355160474777,
      "se": 0.021168356675222714,
      "ntok": 64000
    },
    "topk|lam=0.0": {
      "loss": 3.6606355160474777,
      "se": 0.021168356675222714,
      "ntok": 64000
    },
    "topk|lam=0.25": {
      "loss": 3.738969460129738,
      "se": 0.020671384844897875,
      "ntok": 64000,
      "delta": 0.07833394408226013,
      "rel_delta": 0.02139900127692586
    },
    "topk|lam=0.5": {
      "loss": 3.8971779868006706,
      "se": 0.02112075560444355,
      "ntok": 64000,
      "delta": 0.2365424707531929,
      "rel_delta": 0.06461787023489202
    },
    "topk|lam=0.75": {
      "loss": 4.160076029598713,
      "se": 0.024881336315393156,
      "ntok": 64000,
      "delta": 0.4994405135512352,
      "rel_delta": 0.1364354662904269
    },
    "topk|lam=1.0": {
      "loss": 4.553446397185326,
      "se": 0.03570564980674222,
      "ntok": 64000,
      "delta": 0.8928108811378479,
      "rel_delta": 0.2438950497048798
    },
    "random|lam=0.0": {
      "loss": 3.6606355160474777,
      "se": 0.021168356675222714,
      "ntok": 64000
    },
    "random|lam=0.25": {
      "loss": 3.661662705242634,
      "se": 0.021284580405230454,
      "ntok": 64000,
      "delta": 0.0010271891951560974,
      "rel_delta": 0.0002806040619594904
    },
    "random|lam=0.5": {
      "loss": 3.664211466908455,
      "se": 0.021096242941983038,
      "ntok": 64000,
      "delta": 0.003575950860977173,
      "rel_delta": 0.0009768661330255184
    },
    "random|lam=0.75": {
      "loss": 3.669979937374592,
      "se": 0.02164296111477375,
      "ntok": 64000,
      "delta": 0.009344421327114105,
      "rel_delta": 0.002552677338716207
    },
    "random|lam=1.0": {
      "loss": 3.675436533987522,
      "se": 0.021048658364601357,
      "ntok": 64000,
      "delta": 0.014801017940044403,
      "rel_delta": 0.004043291902501565
    },
    "pca|lam=0.0": {
      "loss": 3.6606355160474777,
      "se": 0.021168356675222714,
      "ntok": 64000
    },
    "pca|lam=0.25": {
      "loss": 3.708770088851452,
      "se": 0.021361942109151932,
      "ntok": 64000,
      "delta": 0.04813457280397415,
      "rel_delta": 0.013149239412927626
    },
    "pca|lam=0.5": {
      "loss": 3.787260837852955,
      "se": 0.021721121282009048,
      "ntok": 64000,
      "delta": 0.12662532180547714,
      "rel_delta": 0.03459107612609275
    },
    "pca|lam=0.75": {
      "loss": 3.9023498743772507,
      "se": 0.02277915380209822,
      "ntok": 64000,
      "delta": 0.24171435832977295,
      "rel_delta": 0.0660307089493468
    },
    "pca|lam=1.0": {
      "loss": 4.0603222623467445,
      "se": 0.02520932580006042,
      "ntok": 64000,
      "delta": 0.3996867462992668,
      "rel_delta": 0.1091850703374105
    }
  },
  "total_wall_clock_seconds": 62.55
}