{
  "system_key": "qwen3-0.6b",
  "n_layers": 28,
  "depth_index": 1,
  "k_index": 14,
  "k_normalized": 0.5185,
  "n_sentences": 500,
  "seed": 42,
  "results": {
    "baseline": {
      "loss": 3.6606355160474777,
      "se": 0.021168356675222714,
      "ntok": 64000
    },
    "topk|lam=0.0": {
      "loss": 3.6606355160474777,
      "se": 0.021168356675222714,
      "ntok": 64000
    },
    "topk|lam=0.25": {
      "loss": 3.8071307614445686,
      "se": 0.02208670813769232,
      "ntok": 64000,
      "delta": 0.1464952453970909,
      "rel_delta": 0.040019074489903654
    },
    "topk|lam=0.5": {
      "loss": 4.2348049357533455,
      "se": 0.033421964538617836,
      "ntok": 64000,
      "delta": 0.5741694197058678,
      "rel_delta": 0.1568496555280706
    },
    "topk|lam=0.75": {
      "loss": 4.894727140665054,
      "se": 0.04993781740486595,
      "ntok": 64000,
      "delta": 1.2340916246175766,
      "rel_delta": 0.33712496619987736
    },
    "topk|lam=1.0": {
      "loss": 5.719975963234901,
      "se": 0.07150892920571109,
      "ntok": 64000,
      "delta": 2.0593404471874237,
      "rel_delta": 0.5625636417938077
    },
    "random|lam=0.0": {
      "loss": 3.6606355160474777,
      "se": 0.021168356675222714,
      "ntok": 64000
    },
    "random|lam=0.25": {
      "loss": 3.6633404791355133,
      "se": 0.021274095923699245,
      "ntok": 64000,
      "delta": 0.0027049630880355835,
      "rel_delta": 0.0007389326460330668
    },
    "random|lam=0.5": {
      "loss": 3.670601963996887,
      "se": 0.021102417750785057,
      "ntok": 64000,
      "delta": 0.009966447949409485,
      "rel_delta": 0.0027226004626023583
    },
    "random|lam=0.75": {
      "loss": 3.683524429798126,
      "se": 0.02129965699575973,
      "ntok": 64000,
      "delta": 0.0228889137506485,
      "rel_delta": 0.0062527158604860225
    },
    "random|lam=1.0": {
      "loss": 3.6943910345435143,
      "se": 0.020186546692783115,
      "ntok": 64000,
      "delta": 0.03375551849603653,
      "rel_delta": 0.009221218104905346
    },
    "pca|lam=0.0": {
      "loss": 3.6606355160474777,
      "se": 0.021168356675222714,
      "ntok": 64000
    },
    "pca|lam=0.25": {
      "loss": 3.698892019689083,
      "se": 0.02128923696165748,
      "ntok": 64000,
      "delta": 0.03825650364160538,
      "rel_delta": 0.010450781967747591
    },
    "pca|lam=0.5": {
      "loss": 3.760558493435383,
      "se": 0.021693253265442115,
      "ntok": 64000,
      "delta": 0.09992297738790512,
      "rel_delta": 0.027296620204296008
    },
    "pca|lam=0.75": {
      "loss": 3.8525107726454735,
      "se": 0.022840761251001755,
      "ntok": 64000,
      "delta": 0.19187525659799576,
      "rel_delta": 0.05241583210261001
    },
    "pca|lam=1.0": {
      "loss": 3.9815711453557014,
      "se": 0.024926448153749982,
      "ntok": 64000,
      "delta": 0.3209356293082237,
      "rel_delta": 0.08767210717956146
    }
  },
  "total_wall_clock_seconds": 62.99
}