{
  "system_key": "qwen3-0.6b",
  "n_layers": 28,
  "depth_index": 0,
  "k_index": 7,
  "k_normalized": 0.2593,
  "n_sentences": 500,
  "seed": 42,
  "results": {
    "baseline": {
      "loss": 3.6606355160474777,
      "se": 0.021168356675222714,
      "ntok": 64000
    },
    "topk|lam=0.0": {
      "loss": 3.6606355160474777,
      "se": 0.021168356675222714,
      "ntok": 64000
    },
    "topk|lam=0.25": {
      "loss": 3.831670142710209,
      "se": 0.021678042874986023,
      "ntok": 64000,
      "delta": 0.17103462666273117,
      "rel_delta": 0.04672265947072587
    },
    "topk|lam=0.5": {
      "loss": 4.475946351885796,
      "se": 0.03940330777805257,
      "ntok": 64000,
      "delta": 0.8153108358383179,
      "rel_delta": 0.22272385007033937
    },
    "topk|lam=0.75": {
      "loss": 5.541245952248573,
      "se": 0.06817228946411037,
      "ntok": 64000,
      "delta": 1.8806104362010956,
      "rel_delta": 0.513738783322427
    },
    "topk|lam=1.0": {
      "loss": 6.7100441455841064,
      "se": 0.0972076485086033,
      "ntok": 64000,
      "delta": 3.0494086295366287,
      "rel_delta": 0.8330271113222403
    },
    "random|lam=0.0": {
      "loss": 3.6606355160474777,
      "se": 0.021168356675222714,
      "ntok": 64000
    },
    "random|lam=0.25": {
      "loss": 3.664660096168518,
      "se": 0.021084503906226904,
      "ntok": 64000,
      "delta": 0.004024580121040344,
      "rel_delta": 0.0010994211533482117
    },
    "random|lam=0.5": {
      "loss": 3.675458274781704,
      "se": 0.02129099839850252,
      "ntok": 64000,
      "delta": 0.014822758734226227,
      "rel_delta": 0.00404923097895059
    },
    "random|lam=0.75": {
      "loss": 3.697629950940609,
      "se": 0.021491928367416632,
      "ntok": 64000,
      "delta": 0.036994434893131256,
      "rel_delta": 0.01010601430570053
    },
    "random|lam=1.0": {
      "loss": 3.7198172211647034,
      "se": 0.020659991993158208,
      "ntok": 64000,
      "delta": 0.05918170511722565,
      "rel_delta": 0.016167057566311958
    },
    "pca|lam=0.0": {
      "loss": 3.6606355160474777,
      "se": 0.021168356675222714,
      "ntok": 64000
    },
    "pca|lam=0.25": {
      "loss": 3.6872313544154167,
      "se": 0.021126942699711947,
      "ntok": 64000,
      "delta": 0.026595838367938995,
      "rel_delta": 0.007265360960234439
    },
    "pca|lam=0.5": {
      "loss": 3.723510593175888,
      "se": 0.02125841572791487,
      "ntok": 64000,
      "delta": 0.06287507712841034,
      "rel_delta": 0.017176000411070386
    },
    "pca|lam=0.75": {
      "loss": 3.773123189806938,
      "se": 0.02238637946083734,
      "ntok": 64000,
      "delta": 0.11248767375946045,
      "rel_delta": 0.030729001362287362
    },
    "pca|lam=1.0": {
      "loss": 3.839898318052292,
      "se": 0.02429993769474662,
      "ntok": 64000,
      "delta": 0.17926280200481415,
      "rel_delta": 0.04897040451554455
    }
  },
  "total_wall_clock_seconds": 62.92
}