{
  "purpose": "kNN-10 C(k) curves across k log-spaced grid per system at mid depth \u2014 used for Gate-2 G2.3 functional-form test",
  "per_system": {
    "qwen3-0.6b": {
      "3": {
        "mean": 0.24938888888888888,
        "std": 0.005834126930144475,
        "n_seeds": 3
      },
      "5": {
        "mean": 0.28168333333333334,
        "std": 0.0075013887603118815,
        "n_seeds": 3
      },
      "8": {
        "mean": 0.30429761904761904,
        "std": 0.004709221215422168,
        "n_seeds": 3
      },
      "12": {
        "mean": 0.32180808080808077,
        "std": 0.002809475936042248,
        "n_seeds": 3
      },
      "18": {
        "mean": 0.3403246187363834,
        "std": 0.0025498371684819013,
        "n_seeds": 3
      },
      "27": {
        "mean": 0.3595,
        "std": 0.005651286927446835,
        "n_seeds": 3
      },
      "40": {
        "mean": 0.3797138888888889,
        "std": 0.006577482367798977,
        "n_seeds": 3
      },
      "60": {
        "mean": 0.4039000941619586,
        "std": 0.007238347751265936,
        "n_seeds": 3
      },
      "90": {
        "mean": 0.4333997919267582,
        "std": 0.007468190074063539,
        "n_seeds": 3
      },
      "130": {
        "mean": 0.46551836612999403,
        "std": 0.008099586432116699,
        "n_seeds": 3
      }
    },
    "rwkv-4-169m": {
      "3": {
        "mean": 0.26849999999999996,
        "std": 0.016596519046006127,
        "n_seeds": 3
      },
      "5": {
        "mean": 0.29768333333333336,
        "std": 0.009523698511257724,
        "n_seeds": 3
      },
      "8": {
        "mean": 0.3213333333333333,
        "std": 0.007572298916732876,
        "n_seeds": 3
      },
      "12": {
        "mean": 0.34287121212121213,
        "std": 0.0050900127728275854,
        "n_seeds": 3
      },
      "18": {
        "mean": 0.36609803921568623,
        "std": 0.004393835512160678,
        "n_seeds": 3
      },
      "27": {
        "mean": 0.38873361823361824,
        "std": 0.0036203428358833976,
        "n_seeds": 3
      },
      "40": {
        "mean": 0.4135626068376068,
        "std": 0.003632738194597672,
        "n_seeds": 3
      },
      "60": {
        "mean": 0.44472410546139357,
        "std": 0.003053125540105066,
        "n_seeds": 3
      },
      "90": {
        "mean": 0.48179608822305453,
        "std": 0.003698291731327511,
        "n_seeds": 3
      },
      "130": {
        "mean": 0.5210659908566886,
        "std": 0.0036480848596753715,
        "n_seeds": 3
      }
    },
    "falcon-h1-0.5b": {
      "3": {
        "mean": 0.2530555555555556,
        "std": 0.009950339655472035,
        "n_seeds": 3
      },
      "5": {
        "mean": 0.27958333333333335,
        "std": 0.00707501472318842,
        "n_seeds": 3
      },
      "8": {
        "mean": 0.30216666666666664,
        "std": 0.004685257400054121,
        "n_seeds": 3
      },
      "12": {
        "mean": 0.31809848484848485,
        "std": 0.004594458074181179,
        "n_seeds": 3
      },
      "18": {
        "mean": 0.3382821350762527,
        "std": 0.005661970384868417,
        "n_seeds": 3
      },
      "27": {
        "mean": 0.3574230769230769,
        "std": 0.005124525626792351,
        "n_seeds": 3
      },
      "40": {
        "mean": 0.37927136752136753,
        "std": 0.004330487341734025,
        "n_seeds": 3
      },
      "60": {
        "mean": 0.40604811676082864,
        "std": 0.0047592437438006875,
        "n_seeds": 3
      },
      "90": {
        "mean": 0.4367143986683312,
        "std": 0.005168948650514645,
        "n_seeds": 3
      },
      "130": {
        "mean": 0.4699036772013516,
        "std": 0.004534714312980305,
        "n_seeds": 3
      }
    },
    "dinov2-small": {
      "3": {
        "mean": 0.23033333333333333,
        "std": 0.006934214687571564,
        "n_seeds": 3
      },
      "5": {
        "mean": 0.2615,
        "std": 0.005351868832473378,
        "n_seeds": 3
      },
      "8": {
        "mean": 0.2925892857142857,
        "std": 0.0034512364687551223,
        "n_seeds": 3
      },
      "12": {
        "mean": 0.3180782828282828,
        "std": 0.004131201222213054,
        "n_seeds": 3
      },
      "18": {
        "mean": 0.3441328976034858,
        "std": 0.003679187570244283,
        "n_seeds": 3
      },
      "27": {
        "mean": 0.37255413105413104,
        "std": 0.002509514285832203,
        "n_seeds": 3
      },
      "40": {
        "mean": 0.402575,
        "std": 0.0024059084316174536,
        "n_seeds": 3
      },
      "60": {
        "mean": 0.43684133709981166,
        "std": 0.0022718583754139186,
        "n_seeds": 3
      },
      "90": {
        "mean": 0.474173366625052,
        "std": 0.0018921335395829491,
        "n_seeds": 3
      },
      "130": {
        "mean": 0.5136363148479428,
        "std": 0.001946971298468069,
        "n_seeds": 3
      }
    },
    "deepseek-r1-distill-qwen-1.5b": {
      "3": {
        "mean": 0.24949999999999997,
        "std": 0.006495725089968349,
        "n_seeds": 3
      },
      "5": {
        "mean": 0.2684333333333333,
        "std": 0.0069742980530898705,
        "n_seeds": 3
      },
      "8": {
        "mean": 0.2932202380952381,
        "std": 0.004466654133650795,
        "n_seeds": 3
      },
      "12": {
        "mean": 0.3108535353535353,
        "std": 0.004834593816197531,
        "n_seeds": 3
      },
      "18": {
        "mean": 0.3293910675381264,
        "std": 0.0037090082799862223,
        "n_seeds": 3
      },
      "27": {
        "mean": 0.3497397910731244,
        "std": 0.005226107329328253,
        "n_seeds": 3
      },
      "40": {
        "mean": 0.3715596153846154,
        "std": 0.005223572813273344,
        "n_seeds": 3
      },
      "60": {
        "mean": 0.397189077212806,
        "std": 0.004806096086017042,
        "n_seeds": 3
      },
      "90": {
        "mean": 0.42842904702455264,
        "std": 0.005548145950707522,
        "n_seeds": 3
      },
      "130": {
        "mean": 0.46181240310077515,
        "std": 0.005862159152912847,
        "n_seeds": 3
      }
    }
  }
}