{
  "purpose": "power-law fit C(k) = c0 * k^p",
  "per_cell": {
    "deepseek-r1-distill-qwen-1.5b||depth0.26": {
      "p_slope": 0.1672503703853119,
      "log_c0_intercept": -1.5568633110032781,
      "c0_implied": 0.21079623753007384,
      "R2": 0.9981498336299736,
      "k_grid": [
        3,
        5,
        8,
        12,
        18,
        27,
        40,
        60,
        90,
        130
      ],
      "C_observed": [
        0.2521111111111111,
        0.27763333333333334,
        0.3010119047619047,
        0.31997474747474747,
        0.3421949891067538,
        0.3637464387464387,
        0.3858433760683761,
        0.41359180790960454,
        0.4469931751976696,
        0.4839881136950905
      ]
    },
    "deepseek-r1-distill-qwen-1.5b||depth0.52": {
      "p_slope": 0.1600152730785225,
      "log_c0_intercept": -1.5691340184926765,
      "c0_implied": 0.20822542366918703,
      "R2": 0.9979082279712755,
      "k_grid": [
        3,
        5,
        8,
        12,
        18,
        27,
        40,
        60,
        90,
        130
      ],
      "C_observed": [
        0.24949999999999997,
        0.2684333333333333,
        0.29322023809523806,
        0.3108535353535353,
        0.3293910675381264,
        0.3497397910731244,
        0.37155961538461546,
        0.397189077212806,
        0.42842904702455264,
        0.46181240310077515
      ]
    },
    "deepseek-r1-distill-qwen-1.5b||depth0.74": {
      "p_slope": 0.15834882165469222,
      "log_c0_intercept": -1.520762869103387,
      "c0_implied": 0.21854510203673355,
      "R2": 0.9982668149152222,
      "k_grid": [
        3,
        5,
        8,
        12,
        18,
        27,
        40,
        60,
        90,
        130
      ],
      "C_observed": [
        0.2587777777777778,
        0.2843,
        0.30573214285714284,
        0.32484090909090907,
        0.3449139433551198,
        0.3656756885090218,
        0.3882540598290598,
        0.41399322033898306,
        0.4453955888472742,
        0.47976294971178696
      ]
    },
    "dinov2-small||depth0.27": {
      "p_slope": 0.1956866004686638,
      "log_c0_intercept": -1.628546638936633,
      "c0_implied": 0.1962145375683329,
      "R2": 0.996084192810668,
      "k_grid": [
        3,
        5,
        8,
        12,
        18,
        27,
        40,
        60,
        90,
        130
      ],
      "C_observed": [
        0.2356666666666667,
        0.2684166666666667,
        0.3004583333333333,
        0.3251414141414142,
        0.3500675381263616,
        0.3762207977207977,
        0.4034893162393162,
        0.4345737288135593,
        0.4691605493133583,
        0.5045165772212284
      ]
    },
    "dinov2-small||depth0.55": {
      "p_slope": 0.20797924137522658,
      "log_c0_intercept": -1.6754646410318248,
      "c0_implied": 0.18722116863214422,
      "R2": 0.9984311089818626,
      "k_grid": [
        3,
        5,
        8,
        12,
        18,
        27,
        40,
        60,
        90,
        130
      ],
      "C_observed": [
        0.23033333333333336,
        0.2615,
        0.2925892857142857,
        0.3180782828282828,
        0.34413289760348587,
        0.372554131054131,
        0.40257499999999996,
        0.43684133709981166,
        0.474173366625052,
        0.5136363148479428
      ]
    },
    "dinov2-small||depth0.73": {
      "p_slope": 0.1833215560739577,
      "log_c0_intercept": -1.4722804165000098,
      "c0_implied": 0.2294017567030312,
      "R2": 0.9982323553524118,
      "k_grid": [
        3,
        5,
        8,
        12,
        18,
        27,
        40,
        60,
        90,
        130
      ],
      "C_observed": [
        0.27544444444444444,
        0.3071333333333333,
        0.34013095238095237,
        0.3666035353535353,
        0.39296187363834423,
        0.4211433998100665,
        0.450275641025641,
        0.48323662900188324,
        0.520723345817728,
        0.5580895249453389
      ]
    },
    "falcon-h1-0.5b||depth0.26": {
      "p_slope": 0.18856952954912312,
      "log_c0_intercept": -1.596298566535294,
      "c0_implied": 0.2026452092834703,
      "R2": 0.9990730022294161,
      "k_grid": [
        3,
        5,
        8,
        12,
        18,
        27,
        40,
        60,
        90,
        130
      ],
      "C_observed": [
        0.2505555555555556,
        0.27508333333333335,
        0.30081547619047616,
        0.324219696969697,
        0.34793572984749455,
        0.3737953466286799,
        0.4024957264957265,
        0.4362952919020715,
        0.4747277153558052,
        0.5145950705625125
      ]
    },
    "falcon-h1-0.5b||depth0.51": {
      "p_slope": 0.15758071293718656,
      "log_c0_intercept": -1.5381387980405454,
      "c0_implied": 0.21478047949935977,
      "R2": 0.9972773022303738,
      "k_grid": [
        3,
        5,
        8,
        12,
        18,
        27,
        40,
        60,
        90,
        130
      ],
      "C_observed": [
        0.25305555555555553,
        0.2795833333333333,
        0.30216666666666664,
        0.31809848484848485,
        0.33828213507625265,
        0.3574230769230769,
        0.37927136752136753,
        0.4060481167608286,
        0.4367143986683312,
        0.4699036772013516
      ]
    },
    "falcon-h1-0.5b||depth0.74": {
      "p_slope": 0.13505086626164844,
      "log_c0_intercept": -1.378780313645921,
      "c0_implied": 0.25188558719251053,
      "R2": 0.9945435957007626,
      "k_grid": [
        3,
        5,
        8,
        12,
        18,
        27,
        40,
        60,
        90,
        130
      ],
      "C_observed": [
        0.28950000000000004,
        0.3171333333333333,
        0.3370952380952381,
        0.3551237373737373,
        0.3701557734204793,
        0.38841880341880347,
        0.4083752136752137,
        0.43290866290018837,
        0.46253770287141077,
        0.49660085470085474
      ]
    },
    "qwen3-0.6b||depth0.26": {
      "p_slope": 0.17133080283051058,
      "log_c0_intercept": -1.5271482471459208,
      "c0_implied": 0.2171540548484046,
      "R2": 0.9944056591656477,
      "k_grid": [
        3,
        5,
        8,
        12,
        18,
        27,
        40,
        60,
        90,
        130
      ],
      "C_observed": [
        0.2545555555555556,
        0.2929166666666667,
        0.31405357142857143,
        0.33714646464646464,
        0.35688888888888887,
        0.3789211775878442,
        0.4030282051282051,
        0.4326933145009417,
        0.4686688722430296,
        0.5063315245478036
      ]
    },
    "qwen3-0.6b||depth0.52": {
      "p_slope": 0.155591600974351,
      "log_c0_intercept": -1.5318312928323465,
      "c0_implied": 0.21613948996959076,
      "R2": 0.9945999947110089,
      "k_grid": [
        3,
        5,
        8,
        12,
        18,
        27,
        40,
        60,
        90,
        130
      ],
      "C_observed": [
        0.24938888888888888,
        0.28168333333333334,
        0.30429761904761904,
        0.32180808080808077,
        0.3403246187363835,
        0.3595,
        0.3797138888888889,
        0.40390009416195854,
        0.4333997919267582,
        0.46551836612999403
      ]
    },
    "qwen3-0.6b||depth0.74": {
      "p_slope": 0.13324325714088847,
      "log_c0_intercept": -1.3670831103942993,
      "c0_implied": 0.25484924355580807,
      "R2": 0.996888638321213,
      "k_grid": [
        3,
        5,
        8,
        12,
        18,
        27,
        40,
        60,
        90,
        130
      ],
      "C_observed": [
        0.2907222222222222,
        0.31881666666666664,
        0.338422619047619,
        0.35834848484848486,
        0.3764161220043573,
        0.3934102564102564,
        0.4130384615384615,
        0.43540649717514124,
        0.4628282979608822,
        0.49258984297356395
      ]
    },
    "rwkv-4-169m||depth0.27": {
      "p_slope": 0.18122039911978688,