{
  "system": "clip-vit-b32-text-branch",
  "n": 1000,
  "h": 512,
  "p": 0.1828544888994575,
  "d_rd": 17.18958676681698,
  "c_invariant": 3.143193102639197,
  "rel_err_vs_H1_modality_c_2": 0.5715965513195984,
  "rel_err_vs_H2_alignment_c_3": 0.047731034213065605,
  "verdict": "H2_ALIGNMENT (c=3.14 near 3.0, vision-band): c is alignment-target"
}