{
  "purpose": "k-means codebook transfusion \u2014 piecewise nonlinear transplant",
  "K_codebook": 256,
  "trained_NLL": 4.299777561187744,
  "untrained_NLL": 12.24610976409912,
  "snapped": {
    "p": 0.07707877522425409,
    "d_rd": 2.229255031884643,
    "c": 0.17182824752017378,
    "NLL": 12.198594635009766
  },
  "nll_relative_drop": 0.003880018226576004,
  "verdict": "CODEBOOK_GEOMETRY_ONLY"
}