{
  "traces": {
    "qwen3-0.6b": {
      "c4": [
        3.8522598469841522,
        2.7200961441305784,
        1.0630587956767135,
        1.2215702440847245,
        1.6827319863105736,
        2.019271135182928,
        2.3956295603727065,
        3.2432951761018227,
        3.764969147632983,
        3.861061722589094,
        3.9799380004028517,
        4.143430381699953,
        4.329944347956608,
        4.463194731266396,
        4.331597441762724,
        4.859234914079466,
        5.043356944922505,
        4.991825831471563,
        4.841763742391485,
        4.819375122961248,
        4.106363658606561
      ],
      "wikitext": [
        3.7918705908665546,
        2.7623675111940766,
        0.8860323341040526,
        0.9865508854436689,
        1.2459317522264948,
        1.4313688667491502,
        1.6408302559619572,
        2.2028514956971494,
        2.7441394418555554,
        2.911322745375102,
        3.0653816883671237,
        3.466727356030912,
        4.024465254809665,
        4.188352859630604,
        4.13510535383314,
        4.312276094671711,
        4.211111226363941,
        4.189191061403982,
        4.1720903370950735,
        4.289970770029617,
        4.083909256324641
      ],
      "c4_scrambled": [
        3.910765829916227,
        2.7717130099220455,
        1.0544130705945827,
        1.1990993215295387,
        1.5638178075175293,
        1.7397198194435268,
        1.9558118382525687,
        2.5626437965474094,
        3.191976463804018,
        3.456330059186174,
        3.631937479456022,
        3.9688520167007337,
        4.552783117224071,
        4.541926747312785,
        4.21268022794398,
        4.574749175964598,
        4.65653320959127,
        4.471768743231159,
        4.404871147821415,
        4.549726462763818,
        4.332445005369431
      ]
    },
    "bert-base-uncased": {
      "c4": [
        4.824968543395198,
        5.048591886324788,
        5.219954377952914,
        5.156143038724457,
        5.04393746034564,
        4.847041963453697,
        4.759349972604958,
        4.762660903458888,
        4.725603157980563,
        4.673407158877644,
        4.676854796169972,
        4.691509580313047,
        4.762592196568351,
        4.829627154844657,
        4.8858683585103115,
        5.090223942521577,
        5.472316782947578,
        5.7292094513770655,
        5.914559164379973,
        6.127349194404376,
        6.346237072655777
      ],
      "wikitext": [
        4.666394074373537,
        4.86058426561171,
        5.018184458182279,
        5.0111296567486345,
        4.98430091740467,
        4.922867786717646,
        4.992284724218859,
        5.170743385210267,
        5.229095155024223,
        5.242406840646634,
        5.261443071184308,
        5.283053218577909,
        5.324677989615529,
        5.353265481387079,
        5.347086895115776,
        5.462114151820305,
        5.722588420095834,
        5.938024189898852,
        6.127723674860435,
        6.371288063744185,
        6.626822431277306
      ],
      "c4_scrambled": [
        4.813351538433927,
        5.039695331318972,
        5.221886468765601,
        5.205390656739357,
        5.148162131592703,
        5.019651358485334,
        4.930126238849202,
        4.873089163772435,
        4.829327746122601,
        4.7905447000078665,
        4.772847370045475,
        4.7558262356894785,
        4.724481341245093,
        4.553970897726919,
        4.012352323345317,
        3.7692729984972977,
        3.8844407730895787,
        4.1175182296377235,
        4.417972647303504,
        4.953076134005935,
        5.540323858272062
      ]
    },
    "deepseek-r1-distill-qwen-1.5b": {
      "c4": [
        5.056868110938191,
        4.134138146039942,
        3.680642415682786,
        4.211930521054757,
        4.221863361806305,
        4.266276896613299,
        4.20956537091667,
        4.225681409949409,
        4.233468875390152,
        4.201611795898017,
        4.225860202047246,
        4.187483049153843,
        4.167355805112861,
        4.146923786892431,
        4.133646899851583,
        4.493591651125547,
        4.830903336632608,
        4.950893358446096,
        5.046380882554289,
        5.086901215623684,
        3.9169774590010418
      ],
      "wikitext": [
        4.6160873153068085,
        3.6197005519959444,
        2.60305214066359,
        3.301826279929316,
        3.4200817601349596,
        3.6623237007633005,
        3.6727845148925886,
        3.705089167681588,
        3.8284583838948363,
        3.946822952415281,
        4.032543426568586,
        3.9948644836548017,
        4.062701075554175,
        4.093329443655381,
        4.131727868000707,
        4.299670495869684,
        4.392144917131886,
        4.45428707633594,
        4.452909448046696,
        4.367779388558626,
        3.7954434127211725
      ],
      "c4_scrambled": [
        5.229492485681494,
        4.23404534340655,
        3.6820794642372583,
        4.099870681159242,
        4.2279511206346685,
        4.425467857886107,
        4.394457743797869,
        4.332427394276861,
        4.239163672085881,
        4.251974210009164,
        4.368570527175783,
        4.307354864020921,
        4.320882745441986,
        4.324116755256282,
        4.435907116511822,
        4.593976831540733,
        4.92940254738683,
        4.98533931872124,
        5.09545736395969,
        5.136449818703612,
        3.662967319090881
      ]
    }
  },
  "grid": [
    0.0,
    0.05,
    0.1,
    0.15000000000000002,
    0.2,
    0.25,
    0.30000000000000004,
    0.35000000000000003,
    0.4,
    0.45,
    0.5,
    0.55,
    0.6000000000000001,
    0.65,
    0.7000000000000001,
    0.75,
    0.8,
    0.8500000000000001,
    0.9,
    0.9500000000000001,
    1.0
  ]
}