{
  "traces": {
    "qwen3-0.6b": {
      "depths": [
        0.0,
        0.037037037037037035,
        0.07407407407407407,
        0.1111111111111111,
        0.14814814814814814,
        0.18518518518518517,
        0.2222222222222222,
        0.25925925925925924,
        0.2962962962962963,
        0.3333333333333333,
        0.37037037037037035,
        0.4074074074074074,
        0.4444444444444444,
        0.48148148148148145,
        0.5185185185185185,
        0.5555555555555556,
        0.5925925925925926,
        0.6296296296296297,
        0.6666666666666666,
        0.7037037037037037,
        0.7407407407407407,
        0.7777777777777778,
        0.8148148148148148,
        0.8518518518518519,
        0.8888888888888888,
        0.9259259259259259,
        0.9629629629629629,
        1.0
      ],
      "values": [
        3.8522598469841522,
        3.692629610924452,
        0.9139625629419583,
        1.1269571811344656,
        1.204209672497352,
        1.551421104244796,
        1.8796983094092397,
        2.065795410440824,
        2.3331602559025852,
        2.957853300603788,
        3.5921685794883076,
        3.8081692896691517,
        3.8525911540196756,
        3.909061611149132,
        4.050814389656571,
        4.159774380295843,
        4.3045811953242366,
        4.43139695848609,
        4.48921109081392,
        4.314084814090369,
        4.788927104541628,
        5.070158342692979,
        5.025489346408856,
        4.990054067527495,
        4.852524772122213,
        4.816654673019788,
        4.820839980622035,
        4.106363658606561
      ],
      "interp": [
        3.8522598469841522,
        2.7200961441305784,
        1.0630587956767135,
        1.2215702440847245,
        1.6827319863105736,
        2.019271135182928,
        2.3956295603727065,
        3.2432951761018227,
        3.764969147632983,
        3.861061722589094,
        3.9799380004028517,
        4.143430381699953,
        4.329944347956608,
        4.463194731266396,
        4.331597441762724,
        4.859234914079466,
        5.043356944922505,
        4.991825831471563,
        4.841763742391485,
        4.819375122961248,
        4.106363658606561
      ],
      "n_layers": 28
    },
    "deepseek-r1-distill-qwen-1.5b": {
      "depths": [
        0.0,
        0.037037037037037035,
        0.07407407407407407,
        0.1111111111111111,
        0.14814814814814814,
        0.18518518518518517,
        0.2222222222222222,
        0.25925925925925924,
        0.2962962962962963,
        0.3333333333333333,
        0.37037037037037035,
        0.4074074074074074,
        0.4444444444444444,
        0.48148148148148145,
        0.5185185185185185,
        0.5555555555555556,
        0.5925925925925926,
        0.6296296296296297,
        0.6666666666666666,
        0.7037037037037037,
        0.7407407407407407,
        0.7777777777777778,
        0.8148148148148148,
        0.8518518518518519,
        0.8888888888888888,
        0.9259259259259259,
        0.9629629629629629,
        1.0
      ],
      "values": [
        5.056868110938191,
        4.49998905995677,
        3.4547007344801197,
        3.777474564769643,
        4.207690958274429,
        4.292482213881,
        4.1159350836942625,
        4.316390834252977,
        4.206881240005073,
        4.233722549121045,
        4.215853350961854,
        4.237872756497226,
        4.195449223439774,
        4.236533039828055,
        4.215187364266439,
        4.182594052369267,
        4.174237860569616,
        4.139827583285845,
        4.152729771661456,
        4.131526580761597,
        4.395868740384228,
        4.786760383349502,
        4.860331972154679,
        4.9556597471982755,
        5.001668932424688,
        5.150708766190023,
        5.052543303780271,
        3.9169774590010418
      ],
      "interp": [
        5.056868110938191,
        4.134138146039942,
        3.680642415682786,
        4.211930521054757,
        4.221863361806305,
        4.266276896613299,
        4.20956537091667,
        4.225681409949409,
        4.233468875390152,
        4.201611795898017,
        4.225860202047246,
        4.187483049153843,
        4.167355805112861,
        4.146923786892431,
        4.133646899851583,
        4.493591651125547,
        4.830903336632608,
        4.950893358446096,
        5.046380882554289,
        5.086901215623684,
        3.9169774590010418
      ],
      "n_layers": 28
    },
    "qwen3-1.7b": {
      "depths": [
        0.0,
        0.037037037037037035,
        0.07407407407407407,
        0.1111111111111111,
        0.14814814814814814,
        0.18518518518518517,
        0.2222222222222222,
        0.25925925925925924,
        0.2962962962962963,
        0.3333333333333333,
        0.37037037037037035,
        0.4074074074074074,
        0.4444444444444444,
        0.48148148148148145,
        0.5185185185185185,
        0.5555555555555556,
        0.5925925925925926,
        0.6296296296296297,
        0.6666666666666666,
        0.7037037037037037,
        0.7407407407407407,
        0.7777777777777778,
        0.8148148148148148,
        0.8518518518518519,
        0.8888888888888888,
        0.9259259259259259,
        0.9629629629629629,
        1.0
      ],
      "values": [
        3.472801454012942,
        3.422481598412354,
        0.8001625236185607,
        1.0152267938480857,
        1.1019033741854545,
        1.4669345893812449,
        1.9697525377009255,
        2.3226519262682777,
        2.729827877281131,
        3.623261845067669,
        4.083626804787936,
        4.071624852419557,
        4.05344255609703,
        4.08248514519298,
        4.17589061302245,
        4.151317337148383,
        4.1591179356662495,
        4.403212219932946,
        4.467434711124967,
        4.29898413559267,
        4.85684949266005,
        5.088435293269981,
        5.0148932359476674,
        4.931721795507006,
        4.710048157946726,
        4.602943311528478,
        4.444353269715155,
        2.4252493057873803
      ],
      "interp": [
        3.472801454012942,
        2.5046699222345263,
        0.9507075127792283,
        1.1201549349452442,
        1.6680617687091175,
        2.23442707912644,
        2.8191712740597863,
        3.8304260769417895,
        4.074025242893232,
        4.057798944461423,
        4.129187879107715,
        4.155003328529492,
        4.20793679251959,
        4.438534590088557,
        4.3158291931459,
        4.914745942812533,
        5.044310058876593,
        4.935880367529038,
        4.677916704021252,
        4.499859784349818,
        2.4252493057873803
      ],
      "n_layers": 28
    },
    "bert-base-uncased": {
      "depths": [
        0.0,
        0.09090909090909091,
        0.18181818181818182,
        0.2727272727272727,
        0.36363636363636365,
        0.45454545454545453,
        0.5454545454545454,
        0.6363636363636364,
        0.7272727272727273,
        0.8181818181818182,
        0.9090909090909091,
        1.0
      ],
      "values": [
        4.824968543395198,
        5.231556439630816,
        5.115535822851801,
        4.757544010320996,
        4.7635638846008685,
        4.668662068050105,
        4.685047524289838,
        4.814288644754025,
        4.916545378691577,
        5.611259634011579,
        5.948259112198683,
        6.346237072655777
      ],
      "interp": [
        4.824968543395198,
        5.048591886324788,
        5.219954377952914,
        5.156143038724457,
        5.04393746034564,
        4.847041963453697,
        4.759349972604958,
        4.762660903458888,
        4.725603157980563,
        4.673407158877644,
        4.676854796169972,
        4.691509580313047,
        4.762592196568351,
        4.829627154844657,
        4.8858683585103115,
        5.090223942521577,
        5.472316782947578,
        5.7292094513770655,
        5.914559164379973,
        6.127349194404376,
        6.346237072655777
      ],