{
  "per_system": {
    "deepseek-r1-distill-qwen-1.5b": {
      "n_cells": 3,
      "p_mean": 0.1618714883728422,
      "p_std": 0.004732181723586808,
      "p_cv_pct": 2.9234189239596464,
      "p_min": 0.15834882165469222,
      "p_max": 0.1672503703853119
    },
    "dinov2-small": {
      "n_cells": 3,
      "p_mean": 0.19566246597261602,
      "p_std": 0.01232886036742762,
      "p_cv_pct": 6.301086059680506,
      "p_min": 0.1833215560739577,
      "p_max": 0.20797924137522658
    },
    "falcon-h1-0.5b": {
      "n_cells": 3,
      "p_mean": 0.1604003695826527,
      "p_std": 0.026870516885952597,
      "p_cv_pct": 16.752153973128156,
      "p_min": 0.13505086626164844,
      "p_max": 0.18856952954912312
    },
    "ijepa-vith14": {
      "n_cells": 3,
      "p_mean": 0.1961894527028802,
      "p_std": 0.011184021909749433,
      "p_cv_pct": 5.700623430907426,
      "p_min": 0.18736445330447696,
      "p_max": 0.20876723777929873
    },
    "qwen3-0.6b": {
      "n_cells": 3,
      "p_mean": 0.15338855364858336,
      "p_std": 0.019139105185573383,
      "p_cv_pct": 12.477531556508126,
      "p_min": 0.13324325714088847,
      "p_max": 0.17133080283051058
    },
    "rwkv-4-169m": {
      "n_cells": 3,
      "p_mean": 0.17316741940526256,
      "p_std": 0.006999693788368935,
      "p_cv_pct": 4.042154010499861,
      "p_min": 0.16854272271167584,
      "p_max": 0.18122039911978688
    },
    "dit-xl-2-256": {
      "n_cells": 9,
      "p_mean": 0.19083111716734832,
      "p_std": 0.016493873822309758,
      "p_cv_pct": 8.643178359557337,
      "p_min": 0.16561822995377543,
      "p_max": 0.20935586936990855
    }
  },
  "overall": {
    "n_cells": 27,
    "p_mean": 0.17924145568743136,
    "p_std": 0.021497252881199323,
    "p_cv_pct": 11.993460329114443
  }
}