{
  "system": "dit-xl-2-256",
  "stimulus_bank": "ImageNet-val",
  "n": 1000,
  "seed": 42,
  "mid_block": 14,
  "timestep": 250,
  "null_class": 1000,
  "p": 0.21562120933260298,
  "c_0": 0.2197969533767246,
  "Ck_R2": 0.9916866861824016,
  "d_rd": 10.828876009157888,
  "rd_fit_R2": 0.9969074194253473,
  "c_invariant": 2.3349353408074354,
  "candidate_4_prediction_3": 3.0,
  "rel_err_vs_3": 0.22168821973085487,
  "candidate_4_prediction_4": 4.0,
  "rel_err_vs_4": 0.41626616479814116,
  "verdict": "CANDIDATE4_FALSIFIED (c=2.33 not within 20% of either 3 or 4)"
}