{
  "purpose": "Pilot B: doubling-dimension for v2 derivation",
  "per_system": [
    {
      "system_key": "qwen3-0.6b",
      "hf_id": "Qwen/Qwen3-0.6B",
      "depth_idx": 14,
      "n_stimuli": 1000,
      "hidden_dim": 1024,
      "d_db": 14.578974877769982,
      "knn_scaling_R2": 0.9974442181408925,
      "p_predicted_framework_B": 69.23813461407325,
      "p_empirical": 0.155591600974351,
      "rel_error": 443.99917849349094,
      "elapsed_s": 40.226765155792236
    },
    {
      "system_key": "rwkv-4-169m",
      "hf_id": "RWKV/rwkv-4-169m-pile",
      "depth_idx": 6,
      "n_stimuli": 1000,
      "hidden_dim": 768,
      "d_db": 12.420766370984177,
      "knn_scaling_R2": 0.997791212418371,
      "p_predicted_framework_B": 60.83193347828395,
      "p_empirical": 0.16973913638432495,
      "rel_error": 357.3848414342566,
      "elapsed_s": 82.20475506782532
    },
    {
      "system_key": "deepseek-r1-distill-qwen-1.5b",
      "hf_id": "deepseek-ai/DeepSeek-R1-Distill-Qwen-1.5B",
      "depth_idx": 14,
      "n_stimuli": 1000,
      "hidden_dim": 1536,
      "d_db": 16.782999423411205,
      "knn_scaling_R2": 0.9950933558115178,
      "p_predicted_framework_B": 90.52118529286123,
      "p_empirical": 0.1600152730785225,
      "rel_error": 564.7034078768268,
      "elapsed_s": 44.354527950286865
    }
  ],
  "passes_20pct_criterion": 0,
  "n_systems_tested": 3,
  "verdict": "FRAMEWORK_B_FALSIFIED"
}