{
  "systems": [
    "qwen3-0.6b",
    "deepseek-r1-distill-qwen-1.5b",
    "bert-base-uncased",
    "roberta-base",
    "minilm-l6-contrastive"
  ],
  "overlap_matrix": [
    [
      1.0000001192092896,
      0.7732848525047302,
      0.6564489603042603,
      0.708488404750824,
      0.5928471088409424
    ],
    [
      0.7732848525047302,
      1.0000001192092896,
      0.6339695453643799,
      0.6698455810546875,
      0.5765202045440674
    ],
    [
      0.6564489603042603,
      0.6339696645736694,
      1.0000001192092896,
      0.699238657951355,
      0.6246945261955261
    ],
    [
      0.708488404750824,
      0.6698455810546875,
      0.699238657951355,
      0.9999998807907104,
      0.585970938205719
    ],
    [
      0.5928471088409424,
      0.5765202045440674,
      0.6246945261955261,
      0.585970938205719,
      1.0000001192092896
    ]
  ],
  "random_baseline": 0.0375,
  "mean_off_diag": 0.6521308779716491
}