{
  "rows": [
    {
      "fisher_eff_rank": 1444.1744754372814,
      "fisher_alpha_on_v": 1.0795574764412414,
      "fisher_alpha_sigma": 0.5397787382206207,
      "sqrt_er_alpha": 20.512831200893093,
      "total_params_subsampled": 50000,
      "total_fisher_mass": 894.9322957543191,
      "label": "qwen3-0.6b"
    },
    {
      "fisher_eff_rank": 4484.585813035825,
      "fisher_alpha_on_v": 1.202806319439561,
      "fisher_alpha_sigma": 0.6014031597197805,
      "sqrt_er_alpha": 40.274195589847125,
      "total_params_subsampled": 50000,
      "total_fisher_mass": 404.3684007212287,
      "label": "deepseek-r1-distill-qwen-1.5b"
    }
  ]
}