{
  "rows": [
    {
      "fisher_eff_rank": 1444.1744754372814,
      "fisher_alpha_on_v": 1.0795574764412414,
      "fisher_alpha_sigma": 0.5397787382206207,
      "sqrt_er_alpha": 20.512831200893093,
      "total_params_subsampled": 50000,
      "total_fisher_mass": 894.9322957543191,
      "label": "qwen3-0.6b"
    },
    {
      "fisher_eff_rank": 4484.585813035825,
      "fisher_alpha_on_v": 1.202806319439561,
      "fisher_alpha_sigma": 0.6014031597197805,
      "sqrt_er_alpha": 40.274195589847125,
      "total_params_subsampled": 50000,
      "total_fisher_mass": 404.3684007212287,
      "label": "deepseek-r1-distill-qwen-1.5b"
    },
    {
      "fisher_eff_rank": 1347.2324781286218,
      "fisher_alpha_on_v": 0.8439680788306492,
      "fisher_alpha_sigma": 0.4219840394153246,
      "sqrt_er_alpha": 15.488783062869146,
      "total_params_subsampled": 50000,
      "total_fisher_mass": 1527.625264553586,
      "label": "qwen3-1.7b"
    },
    {
      "fisher_eff_rank": 5444.722515381811,
      "fisher_alpha_on_v": 1.0423559877350235,
      "fisher_alpha_sigma": 0.5211779938675117,
      "sqrt_er_alpha": 38.45687100321157,
      "total_params_subsampled": 50000,
      "total_fisher_mass": 93.78303049178794,
      "label": "falcon-h1-0.5b-instruct"
    }
  ]
}