{
  "purpose": "Pilot A: fractal d_2/d_int for v2 derivation",
  "per_system": [
    {
      "system_key": "qwen3-0.6b",
      "hf_id": "Qwen/Qwen3-0.6B",
      "depth_idx": 14,
      "n_stimuli": 1000,
      "hidden_dim": 1024,
      "d_int_twonn": 20.32333832147798,
      "d_2_gp": 11.87014414880111,
      "gp_fit_R2": 0.9955130317898268,
      "p_predicted_framework_A": -0.41593531726741073,
      "p_empirical": 0.155591600974351,
      "rel_error": 3.673250449656192,
      "elapsed_s": 42.84942173957825
    },
    {
      "system_key": "rwkv-4-169m",
      "hf_id": "RWKV/rwkv-4-169m-pile",
      "depth_idx": 6,
      "n_stimuli": 1000,
      "hidden_dim": 768,
      "d_int_twonn": 18.030831573197396,
      "d_2_gp": 10.344968174714818,
      "gp_fit_R2": 0.9930401058866158,
      "p_predicted_framework_A": -0.42626228120878884,
      "p_empirical": 0.16973913638432495,
      "rel_error": 3.5112787203278906,
      "elapsed_s": 104.90525221824646
    },
    {
      "system_key": "deepseek-r1-distill-qwen-1.5b",
      "hf_id": "deepseek-ai/DeepSeek-R1-Distill-Qwen-1.5B",
      "depth_idx": 14,
      "n_stimuli": 1000,
      "hidden_dim": 1536,
      "d_int_twonn": 23.087795530569952,
      "d_2_gp": 13.60120230427643,
      "gp_fit_R2": 0.995489951938435,
      "p_predicted_framework_A": -0.41089211890033284,
      "p_empirical": 0.1600152730785225,
      "rel_error": 3.567830626384647,
      "elapsed_s": 43.89054894447327
    }
  ],
  "passes_20pct_criterion": 0,
  "n_systems_tested": 3,
  "verdict": "FRAMEWORK_A_FALSIFIED"
}