{
  "per_system": {
    "qwen3-0.6b": {
      "invs": [
        3.0623084335523436,
        2.938103563991507,
        0.7759914879483211,
        1.0244847262428995,
        1.077963010803394,
        1.36451355981838,
        1.6462598785750133,
        1.8312939799606747,
        2.0875208988344016,
        2.604575547231501,
        3.149612964251384,
        3.269451242892375,
        3.2901257244146653,
        3.3875371913597827,
        3.494332426267875,
        3.653810866227036,
        3.5932094980061664,
        3.7807525167656455,
        3.9685783997084485,
        3.8276115112838105,
        4.160752415693668,
        4.335623398152788,
        4.336091837297531,
        4.2765767354908615,
        4.152443619517653,
        4.007306460182438,
        4.055665677760997,
        3.024187253195584
      ],
      "nlls": [
        14.172057009719488,
        12.866503166138656,
        12.779315156711368,
        11.934130715197465,
        11.723886218934547,
        11.775608804056963,
        11.331831016240157,
        11.18229934331939,
        11.018234988235113,
        10.859669525867371,
        10.351058330385703,
        10.306634079339936,
        10.199219269039125,
        9.96323781411479,
        9.715265325110728,
        9.439890578863189,
        9.742475691667693,
        9.01351344791923,
        8.331175974447897,
        8.031123282364973,
        7.4384127351055,
        6.724944775198388,
        6.277756823442114,
        5.981647603192667,
        5.206630782480315,
        4.640929776890071,
        4.164498057928611,
        5.2571555310346945
      ],
      "n_layers": 28
    },
    "deepseek-r1-distill-qwen-1.5b": {
      "invs": [
        3.5129936816795624,
        3.355427176189628,
        2.7436626341711263,
        3.1073901629250504,
        3.453257803816573,
        3.5719230768773604,
        3.4814667850221834,
        3.6599185712617435,
        3.5785320473623243,
        3.588509715659906,
        3.6053749965044917,
        3.6733859747241686,
        3.6197521696573904,
        3.6970707279305244,
        3.6849005309110323,
        3.7284736240904923,
        3.7287443596199092,
        3.7406181110429877,
        3.796262614130473,
        3.692951131138494,
        3.828658896402782,
        4.249650616536835,
        4.27728190635314,
        4.2729416110937795,
        4.249953261080395,
        4.376402282925923,
        4.2969471493125875,
        2.7061747928161926
      ],
      "nlls": [
        13.327899333323082,
        12.853470622385581,
        12.832560708353839,
        12.051764117864174,
        12.190298389825296,
        11.805006718673106,
        11.544817173274483,
        11.392636449618603,
        11.258373283326156,
        11.108491172490158,
        11.03084578386442,
        10.430588503860113,
        10.242891480453371,
        10.171546419398991,
        10.011650496355191,
        9.603345207154282,
        9.559494830754799,
        9.620911163570375,
        9.338377329908957,
        9.10087013064407,
        8.556565498892716,
        7.909186444620448,
        7.337864596149114,
        6.8312996018777685,
        6.3763518614280885,
        5.907333950733575,
        4.9907756511057455,
        5.263855682132751
      ],
      "n_layers": 28
    },
    "qwen3-1.7b": {
      "invs": [
        2.8931374622617057,
        2.8410683125057075,
        0.7503186977527588,
        1.025257677207923,
        1.1211487532143156,
        1.5099300273177978,
        1.9778440525954015,
        2.333880174358373,
        2.7019935687336387,
        3.3882261912949145,
        3.7082798088924758,
        3.6889537632105673,
        3.6407210016708644,
        3.6929568396744528,
        3.7569721043710773,
        3.760493875208502,
        3.672365275227628,
        3.772170165705556,
        3.9662613166083447,
        3.851030621748892,
        4.141584815302514,
        4.266336900516469,
        4.179746899345387,
        4.119216000068482,
        3.969590336655605,
        3.860930763533538,
        3.7133148616239584,
        2.44391515877357
      ],
      "nlls": [
        16.303036638395053,
        15.629124948096088,
        15.627346508596826,
        14.868533445343258,
        14.571884352316069,
        13.995909241203249,
        13.509298951156497,
        13.061496947281004,
        12.590415846456693,
        12.081916686531127,
        10.981098267562746,
        11.171264090951034,
        10.871315975639764,
        10.576201296828863,
        10.216690327802043,
        9.770738957923228,
        10.139303045798474,
        9.092989348163755,
        8.348372269277498,
        8.513977127675934,
        7.822611290638841,
        7.230792962021715,
        6.9538854499876965,
        6.702841508519931,
        5.673213303933932,
        4.724592895507812,
        3.7410667551596335,
        6.588482891893762
      ],
      "n_layers": 28
    }
  }
}