{
  "timestamp": "2026-04-21 17:10:55",
  "n_sentences": 500,
  "seed": 42,
  "results": [
    {
      "quantization": "fp16",
      "nll_per_token": 3.6560819759368894,
      "k_grid": [
        3,
        5,
        10,
        20,
        30
      ],
      "C_values": [
        0.31666666666666665,
        0.3368,
        0.382,
        0.42549473684210526,
        0.4604643678160919
      ],
      "c_0": 0.2618050175896426,
      "p_slope": 0.16394800767714068,
      "R2": 0.9966605848203203
    },
    {
      "quantization": "q8",
      "nll_per_token": 3.6681595363616943,
      "k_grid": [
        3,
        5,
        10,
        20,
        30
      ],
      "C_values": [
        0.32533333333333336,
        0.34059999999999996,
        0.3855111111111111,
        0.4277263157894737,
        0.46089195402298855
      ],
      "c_0": 0.2704495326138596,
      "p_slope": 0.15440181342244141,
      "R2": 0.9927450713277057
    },
    {
      "quantization": "q4",
      "nll_per_token": 3.7905170917510986,
      "k_grid": [
        3,
        5,
        10,
        20,
        30
      ],
      "C_values": [
        0.29866666666666664,
        0.3444,
        0.38439999999999996,
        0.4218105263157895,
        0.45617471264367815
      ],
      "c_0": 0.25321204651061463,
      "p_slope": 0.17436774220935494,
      "R2": 0.9834915476781771
    }
  ],
  "total_wall_clock_seconds": 96.76
}