{
  "timestamp": "2026-04-21 21:16:17",
  "hf_id": "Qwen/Qwen3-1.7B",
  "n_sentences": 500,
  "seed": 42,
  "results": [
    {
      "quantization": "fp16",
      "nll_per_token": 3.351241399765015,
      "k_grid": [
        3,
        5,
        10,
        20,
        30
      ],
      "C_values": [
        0.3266666666666666,
        0.36060000000000003,
        0.40426666666666666,
        0.4474105263157895,
        0.47202758620689655
      ],
      "c_0": 0.2772898390182932,
      "p_slope": 0.15901568712097777,
      "R2": 0.9960347782698293
    },
    {
      "quantization": "q8",
      "nll_per_token": 3.3624452323913574,
      "k_grid": [
        3,
        5,
        10,
        20,
        30
      ],
      "C_values": [
        0.3213333333333333,
        0.3586,
        0.4045777777777777,
        0.44228421052631584,
        0.47155402298850574
      ],
      "c_0": 0.27302209169247377,
      "p_slope": 0.1628527528354804,
      "R2": 0.9918590948426608
    },
    {
      "quantization": "q4",
      "nll_per_token": 3.4472673320770264,
      "k_grid": [
        3,
        5,
        10,
        20,
        30
      ],
      "C_values": [
        0.3306666666666666,
        0.363,
        0.4036,
        0.4492210526315789,
        0.47189885057471265
      ],
      "c_0": 0.28133345680235755,
      "p_slope": 0.15450400474598447,
      "R2": 0.997386635454628
    }
  ],
  "total_wall_clock_seconds": 128.88
}