{
  "timestamp": "2026-04-21 19:02:02",
  "hf_id": "RWKV/rwkv-4-169m-pile",
  "n_sentences": 500,
  "seed": 42,
  "results": [
    {
      "quantization": "fp16",
      "nll_per_token": 3.503776756286621,
      "k_grid": [
        3,
        5,
        10,
        20,
        30
      ],
      "C_values": [
        0.3126666666666667,
        0.3506,
        0.4110666666666666,
        0.4635263157894737,
        0.5038482758620689
      ],
      "c_0": 0.2514491968998296,
      "p_slope": 0.20586974953492354,
      "R2": 0.9972141265440487
    },
    {
      "quantization": "q8",
      "nll_per_token": 3.517528308868408,
      "k_grid": [
        3,
        5,
        10,
        20,
        30
      ],
      "C_values": [
        0.29933333333333334,
        0.3454,
        0.4056888888888889,
        0.4592421052631579,
        0.5048551724137931
      ],
      "c_0": 0.238775448935599,
      "p_slope": 0.22161423956826468,
      "R2": 0.9945475133602463
    }
  ],
  "total_wall_clock_seconds": 167.19
}