{
  "timestamp": "2026-04-21 19:08:02",
  "hf_id": "deepseek-ai/DeepSeek-R1-Distill-Qwen-1.5B",
  "n_sentences": 500,
  "seed": 42,
  "results": [
    {
      "quantization": "fp16",
      "nll_per_token": 4.297196746826172,
      "k_grid": [
        3,
        5,
        10,
        20,
        30
      ],
      "C_values": [
        0.3093333333333333,
        0.3288,
        0.37457777777777773,
        0.42185263157894737,
        0.45023908045977007
      ],
      "c_0": 0.2547513646814927,
      "p_slope": 0.16731556705581863,
      "R2": 0.9968879397179279
    },
    {
      "quantization": "q8",
      "nll_per_token": 4.3165410690307615,
      "k_grid": [
        3,
        5,
        10,
        20,
        30
      ],
      "C_values": [
        0.3113333333333333,
        0.32739999999999997,
        0.3748888888888889,
        0.4201157894736842,
        0.45187126436781616
      ],
      "c_0": 0.2554638868416502,
      "p_slope": 0.16631059426620534,
      "R2": 0.9937128635949425
    },
    {
      "quantization": "q4",
      "nll_per_token": 4.386148246765137,
      "k_grid": [
        3,
        5,
        10,
        20,
        30
      ],
      "C_values": [
        0.30933333333333335,
        0.32680000000000003,
        0.37826666666666664,
        0.423,
        0.45490574712643683
      ],
      "c_0": 0.2527509279557626,
      "p_slope": 0.1722371961774154,
      "R2": 0.9942307969097678
    }
  ],
  "total_wall_clock_seconds": 132.23
}