{
  "purpose": "Geometry transfusion \u2014 does trained geometry transplanted into untrained cause capability?",
  "trained": {
    "p": 0.17136962287614116,
    "d_rd": 14.0607720968906,
    "c": 2.409589211591511,
    "NLL": 4.299777561187744
  },
  "untrained": {
    "p": 0.28447781252195903,
    "d_rd": 43.84101010110217,
    "c": 12.471794652314655,
    "NLL": 12.254053581237793
  },
  "transfused": {
    "p": 0.29655342237186705,
    "d_rd": 21.40619508321608,
    "c": 6.348080411887562,
    "NLL": 12.262968849182128
  },
  "shifts": {
    "p_fraction_toward_trained": -0.1067615871823346,
    "c_fraction_toward_trained": 0.6085856899366784,
    "nll_relative_drop": -0.0007275362299692695
  },
  "verdict": "GEOMETRY_ONLY_shift_no_capability"
}