{
  "N_observations": 150,
  "systems": [
    "deepseek-r1-distill-qwen-1.5b",
    "dinov2-small",
    "falcon-h1-0.5b",
    "qwen3-0.6b",
    "rwkv-4-169m"
  ],
  "nll_h0_pooled": 41080.73242140474,
  "nll_h1_per_system": 41080.71959956965,
  "k_h0": 12,
  "k_h1": 20,
  "bic_h0_pooled": 82221.59246633864,
  "bic_h1_per_system": 82261.65190502124,
  "delta_bic": 40.05943868259783,
  "delta_bic_verdict": "POOLED_UNIVERSAL",
  "h0_fit": {
    "alpha_d": 0.40602467460568825,
    "beta_d": 4.688115115096021e-20,
    "kappa_per_system": {
      "deepseek-r1-distill-qwen-1.5b": 6.731989400083704e-94,
      "dinov2-small": 5.188857673532091e+18,
      "falcon-h1-0.5b": 6.343331312312411e+18,
      "qwen3-0.6b": 4.617099050895745e+18,
      "rwkv-4-169m": 4.5822994164213243e+18
    },
    "dint_per_system": {
      "deepseek-r1-distill-qwen-1.5b": 4.353656137671135e+50,
      "dinov2-small": 617600875654.1257,
      "falcon-h1-0.5b": 1148209.2086591192,
      "qwen3-0.6b": 124338.58531728447,
      "rwkv-4-169m": 10012401.159808133
    }
  },
  "h0_converged": true,
  "h1_converged": true
}