{
  "N_observations": 78,
  "systems": [
    "deepseek-r1-distill-qwen-1.5b",
    "dinov2-small",
    "falcon-h1-0.5b",
    "qwen3-0.6b",
    "rwkv-4-169m"
  ],
  "nll_h0_pooled": 1881.5463421020322,
  "nll_h1_per_system": 1881.3924317351025,
  "k_h0": 12,
  "k_h1": 20,
  "bic_h0_pooled": 3815.3731901243395,
  "bic_h1_per_system": 3849.919040003997,
  "delta_bic": 34.54584987965745,
  "delta_bic_verdict": "POOLED_UNIVERSAL",
  "h0_fit": {
    "alpha_d": 0.3184702366483169,
    "beta_d": 3.006533823096307e-11,
    "kappa_per_system": {
      "deepseek-r1-distill-qwen-1.5b": 2071304214.5550592,
      "dinov2-small": 1170148618.0044417,
      "falcon-h1-0.5b": 3469382066.0856276,
      "qwen3-0.6b": 3.504042389122314e-19,
      "rwkv-4-169m": 1.0203410655305281e-19
    },
    "dint_per_system": {
      "deepseek-r1-distill-qwen-1.5b": 8779545.903989378,
      "dinov2-small": 147841235.7307206,
      "falcon-h1-0.5b": 784823829.4682939,
      "qwen3-0.6b": 12130131.968165658,
      "rwkv-4-169m": 54627698.32224642
    }
  },
  "h0_converged": true,
  "h1_converged": true
}