{
  "N_observations": 105,
  "systems": [
    "deepseek-r1-distill-qwen-1.5b",
    "dinov2-small",
    "falcon-h1-0.5b",
    "qwen3-0.6b",
    "rwkv-4-169m"
  ],
  "nll_h0_pooled": 4758.835767347129,
  "nll_h1_per_system": 4758.833375286,
  "k_h0": 12,
  "k_h1": 20,
  "bic_h0_pooled": 9573.519058896149,
  "bic_h1_per_system": 9610.74595757515,
  "delta_bic": 37.22689867900226,
  "delta_bic_verdict": "POOLED_UNIVERSAL",
  "h0_fit": {
    "alpha_d": 0.33575609137765716,
    "beta_d": 5.044476954423351e-93,
    "kappa_per_system": {
      "deepseek-r1-distill-qwen-1.5b": 0.0,
      "dinov2-small": 1.6819068348485285e+91,
      "falcon-h1-0.5b": 2.982628501694583e+91,
      "qwen3-0.6b": 1.0407800916324318e+91,
      "rwkv-4-169m": 1.0024993602581951e+91
    },
    "dint_per_system": {
      "deepseek-r1-distill-qwen-1.5b": 6.075818742833639e+152,
      "dinov2-small": 5.089779331833304e+40,
      "falcon-h1-0.5b": 2.800620085532176e+33,
      "qwen3-0.6b": 113312.78936346143,
      "rwkv-4-169m": 4935378583.710063
    }
  },
  "h0_converged": true,
  "h1_converged": true
}