{
  "rows": [
    {
      "system": "falcon-h1-0.5b",
      "modality": "text",
      "condition": "trained",
      "alpha": 0.7844691449539012,
      "eff_rank": 28.553589969906895,
      "sqrt_er_alpha": 4.191854750896989,
      "er_alpha2": 17.571646252617665,
      "n": 800,
      "h": 1024
    },
    {
      "system": "falcon-h1-0.5b",
      "modality": "text",
      "condition": "shuffled",
      "alpha": 0.5201945979313556,
      "eff_rank": 97.01812976426334,
      "sqrt_er_alpha": 5.123801388678539,
      "er_alpha2": 26.25334067062413,
      "n": 800,
      "h": 1024
    }
  ],
  "reference_3sqrt2": 4.242640687119285,
  "reference_genome_088_text_N5": {
    "trained_mean": 4.268,
    "trained_cv_pct": 5.09
  }
}