{
  "purpose": "Mid-layer weight transplant \u2014 is capability layer-localized?",
  "trained_NLL": 4.297196746826172,
  "untrained_NLL": 12.256084175109864,
  "transplant_NLL": 12.251459297180176,
  "transplant_p": 0.3115116902254896,
  "transplant_d_rd": 21.351218555105365,
  "transplant_c": 6.651154180474708,
  "fraction_gap_closed": 0.0005810960352639563,
  "verdict": "NOT_LAYER_LOCALIZED \u2014 mid block transplant closes <5 percent, capability distributed",
  "n_params_overwritten": 12
}