{
  "trained": {
    "p": 0.15392436198774162,
    "d_rd": 12.273173722192025,
    "c": 1.8891404347531235,
    "Ck_R2": 0.9918317497903403
  },
  "shuffled": {
    "p": 0.37710886633359114,
    "d_rd": 32.43476073599917,
    "c": 12.231435850953922,
    "Ck_R2": 0.9974501879976353
  },
  "gaussian_marginal": {
    "p": 0.35078670230153325,
    "d_rd": 32.89131326719426,
    "c": 11.537835315365745,
    "Ck_R2": 0.9982168003722215
  },
  "c_ratio_trained_over_shuffled": 0.1544496049174628,
  "c_ratio_trained_over_gaussian": 0.16373439064754397,
  "verdict": "MIXED \u2014 partial joint-structure contribution"
}