{
  "purpose": "Pilot C: heavy-tailed NN in-degree distribution",
  "system": "qwen3-0.6b",
  "depth_idx": 14,
  "depth_normalized": 0.5185185185185185,
  "n_stimuli": 1000,
  "hidden_dim": 1024,
  "per_k": {
    "k=10": {
      "in_degree_stats": {
        "mean": 10.0,
        "std": 8.735004310262262,
        "max": 72,
        "min": 0,
        "skew": 2.175024744658764
      },
      "tail_fit": {
        "alpha": 3.798953215576988,
        "slope_ccdf": -2.798953215576988,
        "r2_loglog": 0.9610338846154779,
        "n_tail": 506,
        "n_unique": 40,
        "median": 8.0,
        "max": 72
      },
      "predicted_p_from_framework_C": -0.28544714900219875
    },
    "k=30": {
      "in_degree_stats": {
        "mean": 30.0,
        "std": 23.481340961993066,
        "max": 149,
        "min": 0,
        "skew": 1.587220200763158
      },
      "tail_fit": {
        "alpha": 3.918404868085299,
        "slope_ccdf": -2.918404868085299,
        "r2_loglog": 0.9314113354353414,
        "n_tail": 505,
        "n_unique": 87,
        "median": 24.0,
        "max": 149
      },
      "predicted_p_from_framework_C": -0.3146941255919177
    },
    "k=60": {
      "in_degree_stats": {
        "mean": 60.0,
        "std": 45.65008137922571,
        "max": 266,
        "min": 0,
        "skew": 1.3767982045789826
      },
      "tail_fit": {
        "alpha": 3.7840311814208705,
        "slope_ccdf": -2.7840311814208705,
        "r2_loglog": 0.9092487602494669,
        "n_tail": 506,
        "n_unique": 136,
        "median": 48.0,
        "max": 266
      },
      "predicted_p_from_framework_C": -0.2816172414494039
    }
  },
  "empirical_p_at_qwen3_mid": 0.155591600974351,
  "wall_clock_s": 41.085222482681274
}