{
  "system": "qwen3-0.6b",
  "hf_id": "Qwen/Qwen3-0.6B",
  "per_stim_seed": [
    {
      "stim_seed": 42,
      "p": 0.15392436198774162,
      "c_0": 0.2590577965993718,
      "R2": 0.9918317497903403,
      "C_values": [
        0.3003333333333334,
        0.33920000000000006,
        0.36225,
        0.38290909090909087,
        0.40498692810457515,
        0.4253504273504274,
        0.44770769230769236,
        0.477745197740113,
        0.5174549313358302,
        0.5619910554561718
      ],
      "elapsed_s": 39.684842348098755
    },
    {
      "stim_seed": 123,
      "p": 0.157641739284535,
      "c_0": 0.2544224166834848,
      "R2": 0.9912877250725453,
      "C_values": [
        0.29366666666666663,
        0.33429999999999993,
        0.35975,
        0.3810606060606061,
        0.4043529411764706,
        0.42563817663817666,
        0.4471141025641026,
        0.4751073446327683,
        0.5140454431960051,
        0.5599497912939774
      ],
      "elapsed_s": 30.128238201141357
    },
    {
      "stim_seed": 456,
      "p": 0.16174133601855434,
      "c_0": 0.24575986819340873,
      "R2": 0.9939210937177494,
      "C_values": [
        0.28833333333333333,
        0.32080000000000003,
        0.3510357142857143,
        0.3728181818181819,
        0.3942352941176471,
        0.41423076923076924,
        0.43766794871794873,
        0.46861468926553673,
        0.5076377028714107,
        0.5517105545617174
      ],
      "elapsed_s": 30.399292945861816
    }
  ],
  "p_mean": 0.1577691457636103,
  "p_std": 0.003910044124787198,
  "p_cv_pct": 2.478332569947308
}