{
  "purpose": "Qwen3 UNTRAINED 3-seed robustness of genome_028 U-shape finding",
  "per_seed": [
    {
      "torch_seed": 42,
      "k_grid": [
        3,
        5,
        8,
        12,
        18,
        27,
        40,
        60,
        90,
        130
      ],
      "C_values": [
        0.32133333333333336,
        0.324,
        0.30521428571428566,
        0.2890454545454545,
        0.28437254901960785,
        0.27882051282051284,
        0.27266794871794875,
        0.30192937853107343,
        0.3397795255930088,
        0.35656112104949317
      ],
      "p_slope": 0.013285745727973244,
      "c_0": 0.29407236631585343,
      "R2": 0.035255782543793246,
      "monotone": false,
      "elapsed_s": 63.42116117477417
    },
    {
      "torch_seed": 123,
      "k_grid": [
        3,
        5,
        8,
        12,
        18,
        27,
        40,
        60,
        90,
        130
      ],
      "C_values": [
        0.357,
        0.3386,
        0.3259642857142857,
        0.30775757575757573,
        0.30084967320261446,
        0.293991452991453,
        0.2869589743589744,
        0.31500451977401134,
        0.3514604244694132,
        0.3706971973762671
      ],
      "p_slope": 0.0010025911047287293,
      "c_0": 0.3227098844292741,
      "R2": 0.00020516828482741722,
      "monotone": false,
      "elapsed_s": 54.6369423866272
    },
    {
      "torch_seed": 456,
      "k_grid": [
        3,
        5,
        8,
        12,
        18,
        27,
        40,
        60,
        90,
        130
      ],
      "C_values": [
        0.3373333333333333,
        0.34590000000000004,
        0.31792857142857145,
        0.29816666666666664,
        0.2880326797385621,
        0.28125925925925926,
        0.2734115384615385,
        0.30007118644067793,
        0.33809238451935086,
        0.3544398330351819
      ],
      "p_slope": -0.0058879628461473215,
      "c_0": 0.3179242920598072,
      "R2": 0.006285566076130955,
      "monotone": false,
      "elapsed_s": 70.01775741577148
    }
  ],
  "R2_range": [
    0.00020516828482741722,
    0.035255782543793246
  ],
  "p_range": [
    -0.0058879628461473215,
    0.013285745727973244
  ]
}