{
  "purpose": "Random-orthogonal vs PCA projection at same rank",
  "trained_full_NLL": 4.297196746826172,
  "h": 1536,
  "per_k": [
    {
      "k": 16,
      "random": {
        "p": 0.2581294890781747,
        "d_rd": 7.474131018972236,
        "c": 1.9292936212306404,
        "NLL": 11.524398468017578
      },
      "pca": {
        "p": 0.19635527648898354,
        "d_rd": 5.717699329234737,
        "c": 1.1227004326727625,
        "NLL": 8.774934127807617
      },
      "nll_gap_rand_minus_pca": 2.749464340209961,
      "nll_gap_pct": 31.33316216582134
    },
    {
      "k": 64,
      "random": {
        "p": 0.2271444170958622,
        "d_rd": 9.59140198127054,
        "c": 2.1786334121677946,
        "NLL": 12.308246498107911
      },
      "pca": {
        "p": 0.19821649454676274,
        "d_rd": 7.8710177059614255,
        "c": 1.5601655381911759,
        "NLL": 6.148618461608887
      },
      "nll_gap_rand_minus_pca": 6.159628036499024,
      "nll_gap_pct": 100.17905770148009
    },
    {
      "k": 256,
      "random": {
        "p": 0.1873410231069968,
        "d_rd": 10.416879691431184,
        "c": 1.9515088989752152,
        "NLL": 11.576917938232421
      },
      "pca": {
        "p": 0.17348890998516608,
        "d_rd": 9.30120200277266,
        "c": 1.6136553970128726,
        "NLL": 4.532369762420655
      },
      "nll_gap_rand_minus_pca": 7.044548175811767,
      "nll_gap_pct": 155.42748154001902
    }
  ],
  "verdict": "DIRECTION_MATTERS \u2014 trained feature-directions specifically cause capability"
}