{
  "purpose": "Held-out cross-modality test of framework D p = 2/d_rd",
  "per_system": [
    {
      "system_key": "dinov2-small",
      "hf_id": "facebook/dinov2-small",
      "depth_idx": 6,
      "n_stimuli": 1000,
      "hidden_dim": 384,
      "empirical_p": 0.21885968976964418,
      "empirical_c0": 0.20545492498768508,
      "Ck_R2": 0.9978968453093882,
      "d_rd": 13.508156445487282,
      "rd_fit_R2": 0.9883990601463798,
      "p_predicted_framework_D": 0.14805869387662793,
      "rel_err": 0.32349948027220654,
      "elapsed_s": 18.633213996887207
    },
    {
      "system_key": "ijepa-vith14",
      "hf_id": "facebook/ijepa_vith14_1k",
      "depth_idx": 16,
      "n_stimuli": 1000,
      "hidden_dim": 1280,
      "empirical_p": 0.23521092543467073,
      "empirical_c0": 0.17847887873846338,
      "Ck_R2": 0.9997219336807975,
      "d_rd": 13.692279369706748,
      "rd_fit_R2": 0.9853550025403914,
      "p_predicted_framework_D": 0.14606771787207806,
      "rel_err": 0.378992631391827,
      "elapsed_s": 24.98456358909607
    }
  ],
  "vision_passes": 0,
  "vision_tested": 2,
  "overall_status": "TEXT_LOCAL"
}