{
  "purpose": "Candidate-5 extension: RoBERTa + Falcon-H1",
  "per_system": [
    {
      "system": "roberta-base",
      "p": 0.17310257624105518,
      "d_rd": 12.999547640282447,
      "c": 2.2502551865012212
    },
    {
      "system": "falcon-h1-0.5b",
      "p": 0.16444847802356435,
      "d_rd": 13.049572064362316,
      "c": 2.1459822648432056
    }
  ]
}