{
  "purpose": "Stimulus intrinsic-dim sweep \u2014 does c shift when vision forced 1D?",
  "per_system": [
    {
      "system": "ijepa-vith14",
      "hf_id": "facebook/ijepa_vith14_1k",
      "conditions": {
        "natural": {
          "condition": "natural",
          "n": 1000,
          "h": 1280,
          "p": 0.23521092543467073,
          "c_0": 0.17847887873846338,
          "Ck_R2": 0.9997219336807975,
          "d_rd": 13.692279369706748,
          "rd_fit_R2": 0.9853550025403914,
          "c_invariant": 3.220573701858774
        },
        "1d_stripes": {
          "condition": "1d_stripes",
          "n": 1000,
          "h": 1280,
          "p": 0.24404072565921192,
          "c_0": 0.17234266043097451,
          "Ck_R2": 0.9848607246646031,
          "d_rd": 11.99075183358689,
          "rd_fit_R2": 0.9947008585061085,
          "c_invariant": 2.9262317786680705
        },
        "iid_noise": {
          "condition": "iid_noise",
          "n": 1000,
          "h": 1280,
          "p": 0.3522143372817124,
          "c_0": 0.08002883101644179,
          "Ck_R2": 0.9985586278015618,
          "d_rd": 27.160959080202286,
          "rd_fit_R2": 0.9531191889675972,
          "c_invariant": 9.566479202369157
        }
      },
      "elapsed_s": 56.2338433265686
    }
  ],
  "verdicts": {
    "ijepa-vith14": "PARTIAL_direction_correct_magnitude_small"
  }
}