{
  "trained": {
    "alpha": 0.861410904866676,
    "eff_rank": 25.26885882201647,
    "top10_sigma": [
      3.6385884000182087,
      3.4785681286853523,
      2.9799398651955933,
      2.90651490899341,
      2.50719248426061,
      2.4282545734825725,
      1.9713257683267154,
      1.7837944319123513,
      1.6155105219163712,
      1.5507762115424537
    ]
  },
  "shuffled": {
    "alpha": 0.653529992494786,
    "eff_rank": 63.409893179307645,
    "top10_sigma": [
      3.3515613768336663,
      2.2592432547290136,
      2.209004135858986,
      1.8382373627012802,
      1.535929203790291,
      1.4537454109604333,
      1.4065618433622848,
      1.3562504301757168,
      1.2273484568672104,
      1.1884060792796374
    ]
  },
  "gaussian": {
    "alpha": 0.6524833959927611,
    "eff_rank": 61.8480854516508,
    "top10_sigma": [
      3.395562425512188,
      2.276076606156675,
      2.211496901825309,
      1.8348036843948077,
      1.5564189096747039,
      1.4581291741747635,
      1.4364199995519114,
      1.3702787862599428,
      1.2113267569900248,
      1.2000262742654786
    ]
  }
}