{
  "purpose": "Forward transfusion of TRAINED directions only",
  "untrained_NLL": 12.21509449005127,
  "per_k": [
    {
      "k": 64,
      "p": 0.3315714939447371,
      "d_rd": 16.295276470009025,
      "c": 5.403049163403415,
      "NLL": 12.225046157836914,
      "rel_drop_pct": -0.08147024809140738
    },
    {
      "k": 256,
      "p": 0.3610987141696759,
      "d_rd": 20.537140213785385,
      "c": 7.415934923920246,
      "NLL": 12.22843074798584,
      "rel_drop_pct": -0.10917850815998402
    },
    {
      "k": 512,
      "p": 0.320039203512216,
      "d_rd": 21.43984546060858,
      "c": 6.861591064638169,
      "NLL": 12.224127540588379,
      "rel_drop_pct": -0.07394990308479651
    },
    {
      "k": 1024,
      "p": 0.38373738404980584,
      "d_rd": 21.80617359556081,
      "c": 8.367844011696455,
      "NLL": 12.222034606933594,
      "rel_drop_pct": -0.05681590828443361
    }
  ],
  "verdict": "BASIS_TRANSFER_FAILS \u2014 directions alone insufficient, need trained activation values at those axes"
}