{
  "purpose": "Power-law negative control: trained vs untrained",
  "per_cell": [
    {
      "system_key": "qwen3-0.6b",
      "hf_id": "Qwen/Qwen3-0.6B",
      "untrained": false,
      "depth_idx": 14,
      "n_stimuli": 1000,
      "hidden_dim": 1024,
      "k_grid": [
        3,
        5,
        8,
        12,
        18,
        27,
        40,
        60,
        90,
        130
      ],
      "C_values": [
        0.3003333333333334,
        0.33920000000000006,
        0.36225,
        0.38290909090909087,
        0.40498692810457515,
        0.4253504273504274,
        0.44770769230769236,
        0.477745197740113,
        0.5174549313358302,
        0.5619910554561718
      ],
      "p_slope": 0.15392436198774162,
      "c_0": 0.2590577965993718,
      "R2": 0.9918317497903403,
      "elapsed_s": 41.9677951335907
    },
    {
      "system_key": "qwen3-0.6b",
      "hf_id": "Qwen/Qwen3-0.6B",
      "untrained": true,
      "depth_idx": 14,
      "n_stimuli": 1000,
      "hidden_dim": 1024,
      "k_grid": [
        3,
        5,
        8,
        12,
        18,
        27,
        40,
        60,
        90,
        130
      ],
      "C_values": [
        0.33,
        0.3372,
        0.3169642857142857,
        0.30777272727272725,
        0.3037058823529412,
        0.30144159544159543,
        0.2938282051282051,
        0.3205796610169492,
        0.3581285892634207,
        0.3774583184257602
      ],
      "p_slope": 0.021149091360969336,
      "c_0": 0.3034654512435386,
      "R2": 0.11001895244530158,
      "elapsed_s": 52.84321570396423
    },
    {
      "system_key": "rwkv-4-169m",
      "hf_id": "RWKV/rwkv-4-169m-pile",
      "untrained": false,
      "depth_idx": 6,
      "n_stimuli": 1000,
      "hidden_dim": 768,
      "k_grid": [
        3,
        5,
        8,
        12,
        18,
        27,
        40,
        60,
        90,
        130
      ],
      "C_values": [
        0.31566666666666665,
        0.3431,
        0.3660357142857143,
        0.3904545454545455,
        0.41769281045751633,
        0.4480569800569801,
        0.4786064102564103,
        0.5142406779661016,
        0.5578327091136079,
        0.6088782349433512
      ],
      "p_slope": 0.17105166233744967,
      "c_0": 0.2576472751947225,
      "R2": 0.9959548207762788,
      "elapsed_s": 83.42837762832642
    },
    {
      "system_key": "deepseek-r1-distill-qwen-1.5b",
      "hf_id": "deepseek-ai/DeepSeek-R1-Distill-Qwen-1.5B",
      "untrained": false,
      "depth_idx": 14,
      "n_stimuli": 1000,
      "hidden_dim": 1536,
      "k_grid": [
        3,
        5,
        8,
        12,
        18,
        27,
        40,
        60,
        90,
        130
      ],
      "C_values": [
        0.2846666666666666,
        0.31489999999999996,
        0.3435,
        0.36434848484848487,
        0.38350326797385614,
        0.4106096866096866,
        0.4382641025641026,
        0.4716525423728814,
        0.5140104868913857,
        0.5582719141323793
      ],
      "p_slope": 0.17136962287614116,
      "c_0": 0.2367141856506153,
      "R2": 0.9957979989811664,
      "elapsed_s": 41.221510887145996
    },
    {
      "system_key": "deepseek-r1-distill-qwen-1.5b",
      "hf_id": "deepseek-ai/DeepSeek-R1-Distill-Qwen-1.5B",
      "untrained": true,
      "depth_idx": 14,
      "n_stimuli": 1000,
      "hidden_dim": 1536,
      "k_grid": [
        3,
        5,
        8,
        12,
        18,
        27,
        40,
        60,
        90,
        130
      ],
      "C_values": [
        0.31666666666666665,
        0.33089999999999997,
        0.3528571428571428,
        0.3790757575757576,
        0.4214117647058823,
        0.4621339031339031,
        0.4994371794871795,
        0.5354790960451977,
        0.5812594257178527,
        0.6330087060226595
      ],
      "p_slope": 0.1924980829912231,
      "c_0": 0.243789411552883,
      "R2": 0.9900146356238778,
      "elapsed_s": 89.73131704330444
    },
    {
      "system_key": "rwkv-4-169m",
      "hf_id": "RWKV/rwkv-4-169m-pile",
      "untrained": true,
      "depth_idx": 6,
      "n_stimuli": 1000,
      "hidden_dim": 768,
      "k_grid": [
        3,
        5,
        8,
        12,
        18,
        27,
        40,
        60,
        90,
        130
      ],
      "C_values": [
        0.142,
        0.17170000000000002,
        0.19339285714285714,
        0.22718181818181815,
        0.2678300653594771,
        0.3094273504273505,
        0.3556243589743589,
        0.4120033898305085,
        0.4704671660424469,
        0.5353698270721527
      ],
      "p_slope": 0.3554574876963881,
      "c_0": 0.09528244809470059,
      "R2": 0.9990200392089464,
      "elapsed_s": 92.28985953330994,
      "workaround_note": "initialized at fp32 on CPU, then cast to fp16 on GPU to avoid geqrf_cpu+half NotImplementedError during RWKV from_config"
    }
  ]
}