{
  "purpose": "3-seed robustness of RWKV + DeepSeek untrained power law",
  "per_run": [
    {
      "hf_id": "RWKV/rwkv-4-169m-pile",
      "system_key": "rwkv-4-169m",
      "torch_seed": 42,
      "k_grid": [
        3,
        5,
        8,
        12,
        18,
        27,
        40,
        60,
        90,
        130
      ],
      "C_values": [
        0.135,
        0.1658,
        0.19446428571428573,
        0.22063636363636363,
        0.2602418300653595,
        0.3042193732193732,
        0.3528820512820513,
        0.40936723163841804,
        0.4727051186017478,
        0.5395429934406678
      ],
      "p_slope": 0.3676021392451746,
      "c_0": 0.09037904458158914,
      "R2": 0.9995910736032882,
      "elapsed_s": 114.50382709503174
    },
    {
      "hf_id": "RWKV/rwkv-4-169m-pile",
      "system_key": "rwkv-4-169m",
      "torch_seed": 123,
      "k_grid": [
        3,
        5,
        8,
        12,
        18,
        27,
        40,
        60,
        90,
        130
      ],
      "C_values": [
        0.135,
        0.15580000000000002,
        0.18842857142857142,
        0.21398484848484844,
        0.2472614379084967,
        0.2859430199430199,
        0.3272346153846154,
        0.3802531073446328,
        0.443025468164794,
        0.5099821109123435
      ],
      "p_slope": 0.35446424597457593,
      "c_0": 0.08942828442804282,
      "R2": 0.9992360288019545,
      "elapsed_s": 108.6398093700409
    },
    {
      "hf_id": "RWKV/rwkv-4-169m-pile",
      "system_key": "rwkv-4-169m",
      "torch_seed": 456,
      "k_grid": [
        3,
        5,
        8,
        12,
        18,
        27,
        40,
        60,
        90,
        130
      ],
      "C_values": [
        0.184,
        0.2063,
        0.22721428571428573,
        0.260969696969697,
        0.2949150326797386,
        0.33261253561253556,
        0.37523589743589747,
        0.42931751412429375,
        0.48973757802746565,
        0.5542636851520573
      ],
      "p_slope": 0.2977393687070704,
      "c_0": 0.12667105380118618,
      "R2": 0.9958371070406128,
      "elapsed_s": 174.1272578239441
    },
    {
      "hf_id": "deepseek-ai/DeepSeek-R1-Distill-Qwen-1.5B",
      "system_key": "deepseek-r1-distill-qwen-1.5b",
      "torch_seed": 42,
      "k_grid": [
        3,
        5,
        8,
        12,
        18,
        27,
        40,
        60,
        90,
        130
      ],
      "C_values": [
        0.249,
        0.3018,
        0.34628571428571425,
        0.38243939393939386,
        0.4206797385620915,
        0.4544729344729344,
        0.49007435897435897,
        0.5316570621468926,
        0.581952808988764,
        0.636954442456768
      ],
      "p_slope": 0.23556846852260135,
      "c_0": 0.2057197652737378,
      "R2": 0.9884870912252798,
      "elapsed_s": 104.52456212043762
    },
    {
      "hf_id": "deepseek-ai/DeepSeek-R1-Distill-Qwen-1.5B",
      "system_key": "deepseek-r1-distill-qwen-1.5b",
      "torch_seed": 123,
      "k_grid": [
        3,
        5,
        8,
        12,
        18,
        27,
        40,
        60,
        90,
        130
      ],
      "C_values": [
        0.244,
        0.29960000000000003,
        0.34928571428571425,
        0.37995454545454543,
        0.4024771241830065,
        0.43962393162393165,
        0.48546794871794874,
        0.5361327683615819,
        0.590321847690387,
        0.6428126416219438
      ],
      "p_slope": 0.24160177320357823,
      "c_0": 0.20033483827321258,
      "R2": 0.98850289962175,
      "elapsed_s": 104.79173707962036
    },
    {
      "hf_id": "deepseek-ai/DeepSeek-R1-Distill-Qwen-1.5B",
      "system_key": "deepseek-r1-distill-qwen-1.5b",
      "torch_seed": 456,
      "k_grid": [
        3,
        5,
        8,
        12,
        18,
        27,
        40,
        60,
        90,
        130
      ],
      "C_values": [
        0.186,
        0.2272,
        0.26725,
        0.3055,
        0.3413529411764706,
        0.39123361823361824,
        0.4459012820512821,
        0.5107073446327683,
        0.5775151061173533,
        0.6397416815742397
      ],
      "p_slope": 0.3250484319510304,
      "c_0": 0.13388968982845553,
      "R2": 0.9988035537032587,
      "elapsed_s": 103.07657885551453
    }
  ],
  "per_system_summary": {
    "rwkv-4-169m": {
      "p_mean": 0.33993525130894026,
      "p_std": 0.03712843171089376,
      "p_min": 0.2977393687070704,
      "p_max": 0.3676021392451746,
      "R2_mean": 0.9982214031486185
    },
    "deepseek-r1-distill-qwen-1.5b": {
      "p_mean": 0.26740622455907,
      "p_std": 0.050010681320161045,
      "p_min": 0.23556846852260135,
      "p_max": 0.3250484319510304,
      "R2_mean": 0.991931181516763
    }
  }
}