{
  "purpose": "Vision negative control: DINOv2 + CLIP trained vs untrained",
  "per_cell": [
    {
      "system_key": "dinov2-small",
      "hf_id": "facebook/dinov2-small",
      "untrained": false,
      "depth_idx": 6,
      "n_stimuli": 1000,
      "hidden_dim": 384,
      "k_grid": [
        3,
        5,
        8,
        12,
        18,
        27,
        40,
        60,
        90,
        130
      ],
      "C_values": [
        0.255,
        0.2938,
        0.32435714285714284,
        0.36027272727272724,
        0.39324836601307184,
        0.4254643874643875,
        0.4581346153846154,
        0.49923502824858756,
        0.545801747815231,
        0.5949000596302921
      ],
      "p_slope": 0.21885968976964418,
      "c_0": 0.20545492498768508,
      "R2": 0.9978968453093882,
      "monotone": true,
      "elapsed_s": 19.838248252868652
    },
    {
      "system_key": "dinov2-small",
      "hf_id": "facebook/dinov2-small",
      "untrained": true,
      "depth_idx": 6,
      "n_stimuli": 1000,
      "hidden_dim": 384,
      "k_grid": [
        3,
        5,
        8,
        12,
        18,
        27,
        40,
        60,
        90,
        130
      ],
      "C_values": [
        0.425,
        0.4742,
        0.5035714285714286,
        0.5310454545454545,
        0.5586013071895425,
        0.5872450142450143,
        0.6198923076923076,
        0.6522779661016949,
        0.684992759051186,
        0.717614907573047
      ],
      "p_slope": 0.13361768995251652,
      "c_0": 0.37753377305001923,
      "R2": 0.9948826631091399,
      "monotone": true,
      "elapsed_s": 14.147107601165771
    },
    {
      "system_key": "clip-vit-b32-image",
      "hf_id": "openai/clip-vit-base-patch32",
      "untrained": false,
      "depth_idx": 6,
      "n_stimuli": 1000,
      "hidden_dim": 768,
      "k_grid": [
        3,
        5,
        8,
        12,
        18,
        27,
        40,
        60,
        90,
        130
      ],
      "C_values": [
        0.23366666666666666,
        0.26970000000000005,
        0.3105357142857143,
        0.34389393939393936,
        0.3729477124183006,
        0.40705698005698004,
        0.4450974358974359,
        0.4838700564971751,
        0.5299812734082398,
        0.5799457364341085
      ],
      "p_slope": 0.2347872451114041,
      "c_0": 0.1865962395204772,
      "R2": 0.9962197130428102,
      "monotone": true,
      "elapsed_s": 15.2707040309906
    },
    {
      "system_key": "clip-vit-b32-image",
      "hf_id": "openai/clip-vit-base-patch32",
      "untrained": true,
      "depth_idx": 6,
      "n_stimuli": 1000,
      "hidden_dim": 768,
      "k_grid": [
        3,
        5,
        8,
        12,
        18,
        27,
        40,
        60,
        90,
        130
      ],
      "C_values": [
        0.419,
        0.47259999999999996,
        0.50075,
        0.5258030303030302,
        0.5532875816993464,
        0.5805356125356125,
        0.6092089743589744,
        0.6432638418079095,
        0.6775215980024968,
        0.711653190220632
      ],
      "p_slope": 0.13268490888653786,
      "c_0": 0.3746662323066547,
      "R2": 0.9924856082663096,
      "monotone": true,
      "elapsed_s": 14.189825057983398
    }
  ]
}