{
  "genome": 151,
  "name": "arm_specific_lr",
  "config": {
    "lr_grid": [
      0.0002,
      0.0003,
      0.0004,
      0.0006
    ],
    "warmup_steps": 200,
    "baseline_steps": 4000,
    "minimal_steps": 8000,
    "n_train_pool": 32768,
    "seed": 42
  },
  "results": {
    "baseline_200M_4k": {
      "params_M": 209.324032,
      "per_lr": {
        "0.0002": {
          "c4": {
            "nll": 5.977262540238784,
            "top1_acc": 0.18342773318120695,
            "top5_acc": 0.3455034432174728
          },
          "ood": {
            "nll": 7.10138200962904,
            "top1_acc": 0.10619652938935263,
            "top5_acc": 0.2133628900973295
          },
          "wallclock_s": 329.95888686180115,
          "nan_seen": false
        },
        "0.0003": {
          "c4": {
            "nll": 5.977262540238784,
            "top1_acc": 0.17998451570840635,
            "top5_acc": 0.3434660364288334
          },
          "ood": {
            "nll": 7.121332825326452,
            "top1_acc": 0.10422222991929618,
            "top5_acc": 0.21557964739704202
          },
          "wallclock_s": 328.5315914154053,
          "nan_seen": false
        },
        "0.0004": {
          "c4": {
            "nll": 6.026812273338495,
            "top1_acc": 0.17279246974450918,
            "top5_acc": 0.3352552870706165
          },
          "ood": {
            "nll": 7.150150670222715,
            "top1_acc": 0.09975407848706315,
            "top5_acc": 0.21000311731495272
          },
          "wallclock_s": 328.32919669151306,
          "nan_seen": false
        },
        "0.0006": {
          "c4": {
            "nll": 6.245874251253005,
            "top1_acc": 0.15989568477242166,
            "top5_acc": 0.312538201377287
          },
          "ood": {
            "nll": 7.375151536143535,
            "top1_acc": 0.08870492882130858,
            "top5_acc": 0.19372380589518895
          },
          "wallclock_s": 328.35290789604187,
          "nan_seen": false
        }
      }
    },
    "minimal_7L_200M_8k": {
      "params_M": 80.859136,
      "per_lr": {
        "0.0002": {
          "c4": {
            "nll": 5.913369463347052,
            "top1_acc": 0.18903060184996537,
            "top5_acc": 0.35353082596471214
          },
          "ood": {
            "nll": 6.967268192996432,
            "top1_acc": 0.11021440199508158,
            "top5_acc": 0.22718298638772472
          },
          "wallclock_s": 314.6987249851227,
          "nan_seen": false
        },
        "0.0003": {
          "c4": {
            "nll": 5.900330059899759,
            "top1_acc": 0.1899270608369667,
            "top5_acc": 0.35960229819485756
          },
          "ood": {
            "nll": 6.976135222195283,
            "top1_acc": 0.11135741747774583,
            "top5_acc": 0.23327906896193412
          },
          "wallclock_s": 314.60422253608704,
          "nan_seen": false
        },
        "0.0004": {
          "c4": {
            "nll": 6.163726009535064,
            "top1_acc": 0.16578379039158958,
            "top5_acc": 0.32364206837537185
          },
          "ood": {
            "nll": 7.20778636001524,
            "top1_acc": 0.09823005784351078,
            "top5_acc": 0.2038377610751273
          },
          "wallclock_s": 314.79959535598755,
          "nan_seen": false
        },
        "0.0006": {
          "c4": {
            "nll": 7.18340735911332,
            "top1_acc": 0.10433560164622468,
            "top5_acc": 0.23026771525202722
          },
          "ood": {
            "nll": 8.15545010564234,
            "top1_acc": 0.051401059887083926,
            "top5_acc": 0.13290152748432682
          },
          "wallclock_s": 314.6469910144806,
          "nan_seen": false
        }
      }
    }
  },
  "arm_best": {
    "baseline_200M_4k": {
      "lr": 0.0002,
      "c4_top1": 0.18342773318120695,
      "ood_top1": 0.10619652938935263,
      "c4_nll": 5.977262540238784,
      "ood_nll": 7.10138200962904
    },
    "minimal_7L_200M_8k": {
      "lr": 0.0003,
      "c4_top1": 0.1899270608369667,
      "ood_top1": 0.11135741747774583,
      "c4_nll": 5.900330059899759,
      "ood_nll": 6.976135222195283
    }
  },
  "verdict": "PASS: minimal best (lr=0.0003) beats baseline best (lr=0.0002) by C4 +0.65pp, OOD +0.52pp. The architecture-prior advantage is UNDERESTIMATED at matched-LR. arm-specific tuning gives a bigger win.",
  "elapsed_s": 2626.283095598221
}