{
  "genome": 152,
  "name": "long_horizon_crossover",
  "config": {
    "baseline_steps": 25000,
    "minimal_steps": 50000,
    "n_train_pool": 131072,
    "lr": 0.0003,
    "batch": 8,
    "seeds": [
      42,
      7,
      13
    ],
    "ckpt_pairs": [
      [
        4000,
        8000
      ],
      [
        8000,
        16000
      ],
      [
        16000,
        32000
      ],
      [
        25000,
        50000
      ]
    ]
  },
  "results": {
    "baseline_200M_25k": {
      "params_M": 209.324032,
      "per_seed": {
        "42": [
          {
            "step": 4000,
            "c4": {
              "nll": 5.886340322514464,
              "top1_acc": 0.1873743383529605,
              "top5_acc": 0.35047802716343196
            },
            "ood": {
              "nll": 7.155692563471996,
              "top1_acc": 0.1012780991306155,
              "top5_acc": 0.21270479027397735
            },
            "wallclock_so_far_s": 330.9287385940552
          },
          {
            "step": 8000,
            "c4": {
              "nll": 5.604037585655082,
              "top1_acc": 0.20659800582659718,
              "top5_acc": 0.3850888350908867
            },
            "ood": {
              "nll": 6.782168958470438,
              "top1_acc": 0.11890824702989158,
              "top5_acc": 0.24768799141006545
            },
            "wallclock_so_far_s": 661.0596325397491
          },
          {
            "step": 16000,
            "c4": {
              "nll": 5.278404661277748,
              "top1_acc": 0.23985474539411597,
              "top5_acc": 0.42501333552172665
            },
            "ood": {
              "nll": 6.557168092549618,
              "top1_acc": 0.1418031935159849,
              "top5_acc": 0.2772332097952963
            },
            "wallclock_so_far_s": 1315.3084454536438
          },
          {
            "step": 25000,
            "c4": {
              "nll": 5.136596774855361,
              "top1_acc": 0.2560420171515326,
              "top5_acc": 0.4427188051372533
            },
            "ood": {
              "nll": 6.379827508572616,
              "top1_acc": 0.1556232898063801,
              "top5_acc": 0.30009351944858165
            },
            "wallclock_so_far_s": 2050.953729867935
          }
        ],
        "7": [
          {
            "step": 4000,
            "c4": {
              "nll": 5.898157646382996,
              "top1_acc": 0.18585614049485044,
              "top5_acc": 0.349370153050757
            },
            "ood": {
              "nll": 7.147933912923002,
              "top1_acc": 0.09791832634823872,
              "top5_acc": 0.21118076963042498
            },
            "wallclock_so_far_s": 327.1638252735138
          },
          {
            "step": 8000,
            "c4": {
              "nll": 5.598785441713512,
              "top1_acc": 0.20571580977391163,
              "top5_acc": 0.38396044479094005
            },
            "ood": {
              "nll": 6.820962211215407,
              "top1_acc": 0.1146825534273146,
              "top5_acc": 0.24408576079803262
            },
            "wallclock_so_far_s": 654.8582825660706
          },
          {
            "step": 16000,
            "c4": {
              "nll": 5.292848057117065,
              "top1_acc": 0.2377620942923967,
              "top5_acc": 0.4248492060235526
            },
            "ood": {
              "nll": 6.527241869003499,
              "top1_acc": 0.14336185099234525,
              "top5_acc": 0.27726784662810433
            },
            "wallclock_so_far_s": 1309.493060350418
          },
          {
            "step": 25000,
            "c4": {
              "nll": 5.15760535062164,
              "top1_acc": 0.25239013581715974,
              "top5_acc": 0.4407492511591646
            },
            "ood": {
              "nll": 6.41418724671816,
              "top1_acc": 0.15700876311870043,
              "top5_acc": 0.2970108413286689
            },
            "wallclock_so_far_s": 2043.7119646072388
          }
        ],
        "13": [
          {
            "step": 4000,
            "c4": {
              "nll": 5.881088178572894,
              "top1_acc": 0.18647162611300316,
              "top5_acc": 0.3509704156579541
            },
            "ood": {
              "nll": 7.126874718575733,
              "top1_acc": 0.09840324200755082,
              "top5_acc": 0.2064355235357279
            },
            "wallclock_so_far_s": 326.6566672325134
          },
          {
            "step": 8000,
            "c4": {
              "nll": 5.57121168602027,
              "top1_acc": 0.20864962455377292,
              "top5_acc": 0.3877969718107587
            },
            "ood": {
              "nll": 6.794361123618856,
              "top1_acc": 0.12223338297946036,
              "top5_acc": 0.24252710332167227
            },
            "wallclock_so_far_s": 653.5426568984985
          },
          {
            "step": 16000,
            "c4": {
              "nll": 5.292848057117065,
              "top1_acc": 0.23950597021049608,
              "top5_acc": 0.4228591358581921
            },
            "ood": {
              "nll": 6.509507810605799,
              "top1_acc": 0.1461674344497939,
              "top5_acc": 0.2821516400540335
            },
            "wallclock_so_far_s": 1306.0447669029236
          },
          {
            "step": 25000,
            "c4": {
              "nll": 5.156292314636248,
              "top1_acc": 0.25296458906076896,
              "top5_acc": 0.44023634647737064
            },
            "ood": {
              "nll": 6.398669945620172,
              "top1_acc": 0.15565792663918812,
              "top5_acc": 0.30092480343597383
            },
            "wallclock_so_far_s": 2039.3467614650726
          }
        ]
      },
      "wallclock_s": [
        2050.953761577606,
        2043.7119932174683,
        2039.346791267395
      ]
    },
    "minimal_7L_200M_50k": {
      "params_M": 80.859136,
      "per_seed": {
        "42": [
          {
            "step": 8000,
            "c4": {
              "nll": 5.845636206967297,
              "top1_acc": 0.19004144269828896,
              "top5_acc": 0.35798695170489514
            },
            "ood": {
              "nll": 6.9561844064978695,
              "top1_acc": 0.11222333829794603,
              "top5_acc": 0.23366007412282222
            },
            "wallclock_so_far_s": 312.8520781993866
          },
          {
            "step": 16000,
            "c4": {
              "nll": 5.526568462516926,
              "top1_acc": 0.2217184358458824,
              "top5_acc": 0.3981986787575397
            },
            "ood": {
              "nll": 6.7178829967787745,
              "top1_acc": 0.1357417477745835,
              "top5_acc": 0.2624432821862769
            },
            "wallclock_so_far_s": 625.256388425827
          },
          {
            "step": 32000,
            "c4": {
              "nll": 5.29547412908785,
              "top1_acc": 0.24588650445201263,
              "top5_acc": 0.4283574740470231
            },
            "ood": {
              "nll": 6.466281043261404,
              "top1_acc": 0.1561082054656922,
              "top5_acc": 0.2939974368743722
            },
            "wallclock_so_far_s": 1249.3453979492188
          },
          {
            "step": 50000,
            "c4": {
              "nll": 5.181239998358705,
              "top1_acc": 0.2556316934060974,
              "top5_acc": 0.44177506052275245
            },
            "ood": {
              "nll": 6.364310207474628,
              "top1_acc": 0.15988362024176508,
              "top5_acc": 0.30445776038239064
            },
            "wallclock_so_far_s": 1951.1851422786713
          }
        ],
        "7": [
          {
            "step": 8000,
            "c4": {
              "nll": 5.839071027040335,