{
  "model": "EleutherAI/pythia-160m",
  "surgery_layer": 3,
  "checkpoints": [
    "step0",
    "step1",
    "step8",
    "step64",
    "step512",
    "step4000",
    "step32000",
    "step143000"
  ],
  "n_fit": 200,
  "n_eval": 100,
  "donor_revision": "step143000",
  "donor_pc1_var": 0.9820691347122192,
  "donor_nll": {
    "mean": 4.86265625,
    "ci_lo": 4.70873046875,
    "ci_hi": 5.02290234375
  },
  "pass_criteria": {
    "pass_gap_closed_pct": 10.0,
    "partial_gap_closed_pct": 3.0,
    "kill_gap_closed_pct": 3.0
  },
  "results_by_checkpoint": {
    "step0": {
      "recipient_nll_mean": 11.051875,
      "recipient_nll_ci": {
        "mean": 11.051875,
        "ci_lo": 11.035,
        "ci_hi": 11.06875
      },
      "surgery_nll_mean": 10.989375,
      "surgery_nll_ci": {
        "mean": 10.989375,
        "ci_lo": 10.971875,
        "ci_hi": 11.006578125
      },
      "gap_closed_pct": {
        "mean": 1.0098205044053419,
        "ci_lo": 0.8170637912065456,
        "ci_hi": 1.2122311732959603
      },
      "elapsed_s": 1.2903640270233154
    },
    "step1": {
      "recipient_nll_mean": 11.051875,
      "recipient_nll_ci": {
        "mean": 11.051875,
        "ci_lo": 11.035,
        "ci_hi": 11.06875
      },
      "surgery_nll_mean": 10.989375,
      "surgery_nll_ci": {
        "mean": 10.989375,
        "ci_lo": 10.971875,
        "ci_hi": 11.006578125
      },
      "gap_closed_pct": {
        "mean": 1.0098205044053419,
        "ci_lo": 0.8170637912065456,
        "ci_hi": 1.2122311732959603
      },
      "elapsed_s": 1.4490201473236084
    },
    "step8": {
      "recipient_nll_mean": 10.860625,
      "recipient_nll_ci": {
        "mean": 10.860625,
        "ci_lo": 10.840296875,
        "ci_hi": 10.880328125
      },
      "surgery_nll_mean": 10.846875,
      "surgery_nll_ci": {
        "mean": 10.846875,
        "ci_lo": 10.8275,
        "ci_hi": 10.865984375
      },
      "gap_closed_pct": {
        "mean": 0.22924427540573508,
        "ci_lo": 0.010496429419661056,
        "ci_hi": 0.4118675121227213
      },
      "elapsed_s": 1.2361071109771729
    },
    "step64": {
      "recipient_nll_mean": 9.358125,
      "recipient_nll_ci": {
        "mean": 9.358125,
        "ci_lo": 9.289046875,
        "ci_hi": 9.43134375
      },
      "surgery_nll_mean": 9.410625,
      "surgery_nll_ci": {
        "mean": 9.410625,
        "ci_lo": 9.3425,
        "ci_hi": 9.484703125
      },
      "gap_closed_pct": {
        "mean": -1.1678426193041653,
        "ci_lo": -1.4924077398495892,
        "ci_hi": -0.9289318319094791
      },
      "elapsed_s": 1.2338128089904785
    },
    "step512": {
      "recipient_nll_mean": 6.6034375,
      "recipient_nll_ci": {
        "mean": 6.6034375,
        "ci_lo": 6.486546875,
        "ci_hi": 6.7201640625
      },
      "surgery_nll_mean": 6.735,
      "surgery_nll_ci": {
        "mean": 6.735,
        "ci_lo": 6.6178828125,
        "ci_hi": 6.8470546875
      },
      "gap_closed_pct": {
        "mean": -7.557669868054945,
        "ci_lo": -9.110030539601668,
        "ci_hi": -6.121782827270611
      },
      "elapsed_s": 1.2271544933319092
    },
    "step4000": {
      "recipient_nll_mean": 4.753125,
      "recipient_nll_ci": {
        "mean": 4.753125,
        "ci_lo": 4.61304296875,
        "ci_hi": 4.8889921874999995
      },
      "surgery_nll_mean": 5.02296875,
      "surgery_nll_ci": {
        "mean": 5.02296875,
        "ci_lo": 4.87662890625,
        "ci_hi": 5.173300781249999
      },
      "gap_closed_pct": {
        "mean": 246.36233951497948,
        "ci_lo": 172.352796820948,
        "ci_hi": 459.3576172844221
      },
      "elapsed_s": 1.2684755325317383
    },
    "step32000": {
      "recipient_nll_mean": 4.34671875,
      "recipient_nll_ci": {
        "mean": 4.34671875,
        "ci_lo": 4.20944921875,
        "ci_hi": 4.49494140625
      },
      "surgery_nll_mean": 4.49609375,
      "surgery_nll_ci": {
        "mean": 4.49609375,
        "ci_lo": 4.351375,
        "ci_hi": 4.64963671875
      },
      "gap_closed_pct": {
        "mean": 28.952150211992755,
        "ci_lo": 24.925464129215314,
        "ci_hi": 32.87230593202467
      },
      "elapsed_s": 1.2148466110229492
    },
    "step143000": {
      "recipient_nll_mean": 4.86265625,
      "recipient_nll_ci": {
        "mean": 4.86265625,
        "ci_lo": 4.70873046875,
        "ci_hi": 5.02290234375
      },
      "surgery_nll_mean": 4.86265625,
      "surgery_nll_ci": {
        "mean": 4.86265625,
        "ci_lo": 4.70873046875,
        "ci_hi": 5.02290234375
      },
      "gap_closed_pct": {
        "mean": 0.0,
        "ci_lo": 0.0,
        "ci_hi": 0.0
      },
      "elapsed_s": 1.0387775897979736
    }
  },
  "verdict": "PASS: step4000 closes 246.4% of the donor-recipient gap (CI_lo=172.4%). Training threshold for surgery identified.",
  "elapsed_s": 21.426100492477417
}