{
  "genome": 150,
  "name": "warmup_rescue",
  "config": {
    "target_lr": 0.001,
    "warmup_steps": 200,
    "baseline_steps": 4000,
    "minimal_steps": 8000,
    "n_train_pool": 32768,
    "seed": 42
  },
  "results": {
    "baseline_200M_4k_lr1e3_warmup": {
      "params_M": 209.324032,
      "wallclock_s": 329.9709138870239,
      "nan_seen": false,
      "final_loss": 6.65625,
      "c4": {
        "nll": 6.8887168412045146,
        "top1_acc": 0.11898455645654211,
        "top5_acc": 0.25547043722749685
      },
      "ood": {
        "nll": 7.897197880225832,
        "top1_acc": 0.06286585154653458,
        "top5_acc": 0.15260988535208342
      }
    },
    "minimal_7L_200M_8k_lr1e3_warmup": {
      "params_M": 80.859136,
      "wallclock_s": 316.3960723876953,
      "nan_seen": false,
      "final_loss": 7.71875,
      "c4": {
        "nll": 7.857544517338332,
        "top1_acc": 0.05191312497453242,
        "top5_acc": 0.15965119595778493
      },
      "ood": {
        "nll": 8.634269682380243,
        "top1_acc": 0.01832288455543625,
        "top5_acc": 0.09085241245540508
      }
    }
  },
  "verdict": "KILL: minimal loses meaningfully at lr=1e-3 even with warmup. C4 -6.71pp, OOD -4.45pp. Win is LR-fragile beyond default basin.",
  "elapsed_s": 691.1442182064056
}