{
  "model": "Qwen/Qwen3-0.6B",
  "replication_of": "genome_119 (Pythia-160M)",
  "n_eval": 200,
  "components_tested": [
    "embed_only",
    "lm_head_only",
    "layer0_mlp",
    "early_mlp",
    "all_mlp",
    "all_attn",
    "all_layers"
  ],
  "donor_nll": {
    "mean": 4.193203125,
    "ci_lo": 4.080603515625,
    "ci_hi": 4.301689453125
  },
  "recipient_nll": {
    "mean": 12.12125,
    "ci_lo": 12.107171875,
    "ci_hi": 12.136875
  },
  "pass_criteria": {
    "pass_gap_pct": 20.0,
    "partial_gap_pct": 5.0,
    "kill_gap_pct": 5.0
  },
  "results_by_component": {
    "embed_only": {
      "params_copied_pct": 26.10225398570643,
      "surgery_nll_mean": 12.3465625,
      "surgery_nll_ci": {
        "mean": 12.3465625,
        "ci_lo": 12.2995234375,
        "ci_hi": 12.39
      },
      "gap_closed_pct": {
        "mean": -2.8419673035800432,
        "ci_lo": -3.4510352554289865,
        "ci_hi": -2.2044746443305594
      }
    },
    "lm_head_only": {
      "params_copied_pct": 26.10225398570643,
      "surgery_nll_mean": 12.3465625,
      "surgery_nll_ci": {
        "mean": 12.3465625,
        "ci_lo": 12.2995234375,
        "ci_hi": 12.39
      },
      "gap_closed_pct": {
        "mean": -2.8419673035800432,
        "ci_lo": -3.4510352554289865,
        "ci_hi": -2.2044746443305594
      }
    },
    "layer0_mlp": {
      "params_copied_pct": 1.583287520615723,
      "surgery_nll_mean": 12.1515625,
      "surgery_nll_ci": {
        "mean": 12.1515625,
        "ci_lo": 12.1370234375,
        "ci_hi": 12.1654765625
      },
      "gap_closed_pct": {
        "mean": -0.3823451157382423,
        "ci_lo": -0.5594080315786868,
        "ci_hi": -0.17084923452708284
      }
    },
    "early_mlp": {
      "params_copied_pct": 6.333150082462892,
      "surgery_nll_mean": 12.14375,
      "surgery_nll_ci": {
        "mean": 12.14375,
        "ci_lo": 12.1325,
        "ci_hi": 12.1573515625
      },
      "gap_closed_pct": {
        "mean": -0.28380256013560534,
        "ci_lo": -0.48847972559596886,
        "ci_hi": -0.04139143317082517
      }
    },
    "all_mlp": {
      "params_copied_pct": 44.33205057724024,
      "surgery_nll_mean": 12.1509375,
      "surgery_nll_ci": {
        "mean": 12.1509375,
        "ci_lo": 12.1404609375,
        "ci_hi": 12.16375
      },
      "gap_closed_pct": {
        "mean": -0.37446171129001615,
        "ci_lo": -0.611066703324379,
        "ci_hi": -0.12365592968135213
      }
    },
    "all_attn": {
      "params_copied_pct": 29.5559029686641,
      "surgery_nll_mean": 12.0709375,
      "surgery_nll_ci": {
        "mean": 12.0709375,
        "ci_lo": 12.0559375,
        "ci_hi": 12.085625
      },
      "gap_closed_pct": {
        "mean": 0.6346140580809877,
        "ci_lo": 0.35539500227916404,
        "ci_hi": 0.9110383781298914
      }
    },
    "all_layers": {
      "params_copied_pct": 73.89757421660252,
      "surgery_nll_mean": 12.19875,
      "surgery_nll_ci": {
        "mean": 12.19875,
        "ci_lo": 12.185609375,
        "ci_hi": 12.2115625
      },
      "gap_closed_pct": {
        "mean": -0.9775421515781662,
        "ci_lo": -1.226887358229952,
        "ci_hi": -0.7100688329468824
      }
    }
  },
  "verdict": "KILL: best all_attn closes 0.6%. Holism barrier confirmed on Qwen3 \u2014 cross-architecture generalization established.",
  "elapsed_s": 52.65357184410095
}