{
  "genome": 147,
  "name": "matched_flops_200m",
  "config": {
    "baseline_steps": 4000,
    "minimal_steps": 8000,
    "n_train_pool": 32768,
    "lr": 0.0003,
    "batch": 8,
    "seeds": [
      42,
      7,
      13
    ],
    "scale_target": "200M"
  },
  "results": {
    "baseline_200M_4k": {
      "per_seed": {
        "42": {
          "c4": {
            "nll": 5.991605884030806,
            "top1_acc": 0.17927142333238255,
            "top5_acc": 0.34146937777596675
          },
          "ood": {
            "nll": 7.126874718575733,
            "top1_acc": 0.10148592012746355,
            "top5_acc": 0.21225451144747323
          }
        },
        "7": {
          "c4": {
            "nll": 5.982478301617701,
            "top1_acc": 0.18159406707143147,
            "top5_acc": 0.34291593659590075
          },
          "ood": {
            "nll": 7.153475806172284,
            "top1_acc": 0.10158983062588757,
            "top5_acc": 0.20723217069031208
          }
        },
        "13": {
          "c4": {
            "nll": 5.991605884030806,
            "top1_acc": 0.17921030112872335,
            "top5_acc": 0.3405729187889654
          },
          "ood": {
            "nll": 7.166776349970559,
            "top1_acc": 0.10197083578677565,
            "top5_acc": 0.2129818849364414
          }
        }
      },
      "params_M": 209.324032,
      "wallclock_s": [
        328.76677227020264,
        328.82267022132874,
        329.0241301059723
      ]
    },
    "minimal_7L_200M_8k": {
      "per_seed": {
        "42": {
          "c4": {
            "nll": 5.942056150931095,
            "top1_acc": 0.1829795036877063,
            "top5_acc": 0.35063770832484414
          },
          "ood": {
            "nll": 7.034879290637664,
            "top1_acc": 0.10553842956600049,
            "top5_acc": 0.2250355027536282
          }
        },
        "7": {
          "c4": {
            "nll": 5.923800986104886,
            "top1_acc": 0.18941770913980685,
            "top5_acc": 0.3529399779960067
          },
          "ood": {
            "nll": 7.019361989539677,
            "top1_acc": 0.1094523916733054,
            "top5_acc": 0.2276332652142288
          }
        },
        "13": {
          "c4": {
            "nll": 5.9068497616234055,
            "top1_acc": 0.19149586406421906,
            "top5_acc": 0.3576056395419909
          },
          "ood": {
            "nll": 6.93845034810017,
            "top1_acc": 0.11343562744622632,
            "top5_acc": 0.23317515846351008
          }
        }
      },
      "params_M": 80.859136,
      "wallclock_s": [
        315.5620312690735,
        324.12697076797485,
        324.6162648200989
      ]
    }
  },
  "summary": {
    "baseline_200M_4k": {
      "c4_nll_mean": 5.98856335655977,
      "c4_top1_mean": 0.18002526384417913,
      "c4_top1_std": 0.0011095920137068605,
      "ood_nll_mean": 7.149042291572858,
      "ood_top1_mean": 0.10168219551337558,
      "ood_top1_std": 0.00020846143287113478,
      "params_M": 209.324032,
      "wallclock_s_mean": 328.87119086583454
    },
    "minimal_7L_200M_8k": {
      "c4_nll_mean": 5.924235632886462,
      "c4_top1_mean": 0.18796435896391073,
      "c4_top1_std": 0.003625490179823239,
      "ood_nll_mean": 6.997563876092503,
      "ood_top1_mean": 0.10947548289517739,
      "ood_top1_std": 0.003224058880071981,
      "params_M": 80.859136,
      "wallclock_s_mean": 321.4350889523824
    }
  },
  "verdict": "PASS_200M: minimal_7L still beats baseline at 200M. C4 +0.79pp, OOD +0.78pp at matched FLOPs. Architecture-prior efficiency win is scale-MONOTONIC (30M -> 100M -> 200M).",
  "elapsed_s": 1997.8824021816254
}