{
  "genome": 143,
  "name": "minimal_prior_pythia_family",
  "config": {
    "train_steps": 4000,
    "lr": 0.0003,
    "batch": 8,
    "seeds": [
      42,
      7,
      13
    ],
    "architecture_family": "GPT-NeoX (Pythia)"
  },
  "results": {
    "pythia_baseline_full": {
      "per_seed": {
        "42": {
          "c4": {
            "nll": 6.394785088612752,
            "top1_acc": 0.1646363821552251,
            "top5_acc": 0.3137706253819515
          },
          "ood": {
            "nll": 7.4316788472862045,
            "top1_acc": 0.09438536940182189,
            "top5_acc": 0.2021405562675349
          }
        },
        "7": {
          "c4": {
            "nll": 6.388266449378692,
            "top1_acc": 0.16335302505601956,
            "top5_acc": 0.3166632715420656
          },
          "ood": {
            "nll": 7.462713449482179,
            "top1_acc": 0.09379654324408576,
            "top5_acc": 0.19857296248831008
          }
        },
        "13": {
          "c4": {
            "nll": 6.398696272153188,
            "top1_acc": 0.1643715624363414,
            "top5_acc": 0.3161743735995111
          },
          "ood": {
            "nll": 7.476013993280454,
            "top1_acc": 0.09625575837345433,
            "top5_acc": 0.1961830210245575
          }
        }
      },
      "params_M": 27.591552,
      "wallclock_s": [
        81.23251914978027,
        81.44302010536194,
        81.43524670600891
      ]
    },
    "pythia_minimal_3L": {
      "per_seed": {
        "42": {
          "c4": {
            "nll": 6.522550417600326,
            "top1_acc": 0.1534528417192911,
            "top5_acc": 0.2992259115909554
          },
          "ood": {
            "nll": 7.552492120120537,
            "top1_acc": 0.08551834020297185,
            "top5_acc": 0.18121990925149803
          }
        },
        "7": {
          "c4": {
            "nll": 6.495172132817275,
            "top1_acc": 0.154939906294561,
            "top5_acc": 0.3004888979425545
          },
          "ood": {
            "nll": 7.55138374147068,
            "top1_acc": 0.08901666031658065,
            "top5_acc": 0.18603442901181116
          }
        },
        "13": {
          "c4": {
            "nll": 6.495172132817275,
            "top1_acc": 0.15441026685679365,
            "top5_acc": 0.2999592585047871
          },
          "ood": {
            "nll": 7.594610508815074,
            "top1_acc": 0.08371722489695542,
            "top5_acc": 0.17709812614734508
          }
        }
      },
      "params_M": 21.085824,
      "wallclock_s": [
        59.869011878967285,
        59.69161510467529,
        60.005377531051636
      ]
    }
  },
  "summary": {
    "pythia_baseline_full": {
      "c4_nll_mean": 6.393915936714877,
      "c4_top1_mean": 0.16412032321586204,
      "c4_top1_std": 0.0005532282352704189,
      "ood_nll_mean": 7.456802096682946,
      "ood_top1_mean": 0.09481255700645401,
      "ood_top1_std": 0.0010484279343513337,
      "params_M": 27.591552,
      "wallclock_s_mean": 81.37026198705037
    },
    "pythia_minimal_3L": {
      "c4_nll_mean": 6.504298227744958,
      "c4_top1_mean": 0.15426767162354857,
      "c4_top1_std": 0.0006154078935491059,
      "ood_nll_mean": 7.5661621234687635,
      "ood_top1_mean": 0.08608407513883598,
      "ood_top1_std": 0.002200158472313225,
      "params_M": 21.085824,
      "wallclock_s_mean": 59.85533483823141
    }
  },
  "verdict": "PARTIAL: gap 1-3pp top-1 (+0.99/+0.87). Cross-family efficiency win exists but tighter than Llama.",
  "elapsed_s": 457.200341463089
}