{
  "genome": 158,
  "name": "context_length_inversion",
  "config": {
    "context_lengths": [
      32,
      64,
      128,
      256
    ],
    "seeds": [
      42
    ],
    "warmup_steps": 200,
    "n_train_256": 32768,
    "lr_grid": [
      0.0002,
      0.0003,
      0.0004
    ],
    "lr_select_L": 128,
    "arm_lr": {
      "baseline_6L+MLP": 0.0002,
      "minimal_3L_noMLP": 0.0004
    }
  },
  "results": {
    "32": {
      "baseline_6L+MLP": {
        "42": {
          "c4": {
            "nll": 6.887741935483871,
            "top1_acc": 0.15483870967741936
          },
          "ood": {
            "nll": 7.922580645161291,
            "top1_acc": 0.09290322580645162
          },
          "nan_seen": false,
          "wallclock_s": 810.2101714611053
        }
      },
      "minimal_3L_noMLP": {
        "42": {
          "c4": {
            "nll": 6.9316129032258065,
            "top1_acc": 0.15241935483870966
          },
          "ood": {
            "nll": 7.92,
            "top1_acc": 0.09080645161290322
          },
          "nan_seen": false,
          "wallclock_s": 2370.7814571857452
        }
      }
    },
    "64": {
      "baseline_6L+MLP": {
        "42": {
          "c4": {
            "nll": 6.520634920634921,
            "top1_acc": 0.1707936507936508
          },
          "ood": {
            "nll": 7.609598969238203,
            "top1_acc": 0.10049927524561121
          },
          "nan_seen": false,
          "wallclock_s": 410.40031361579895
        }
      },
      "minimal_3L_noMLP": {
        "42": {
          "c4": {
            "nll": 6.487619047619048,
            "top1_acc": 0.16865079365079366
          },
          "ood": {
            "nll": 7.540022547914318,
            "top1_acc": 0.1079078756643582
          },
          "nan_seen": false,
          "wallclock_s": 1213.9787080287933
        }
      }
    },
    "128": {
      "baseline_6L+MLP": {
        "42": {
          "c4": {
            "nll": 6.343307086614173,
            "top1_acc": 0.1725984251968504
          },
          "ood": {
            "nll": 7.435083062560066,
            "top1_acc": 0.10434305066129697
          },
          "nan_seen": false,
          "wallclock_s": 209.7604968547821
        }
      },
      "minimal_3L_noMLP": {
        "42": {
          "c4": {
            "nll": 6.096377952755906,
            "top1_acc": 0.19070866141732284
          },
          "ood": {
            "nll": 7.202233307400119,
            "top1_acc": 0.1224657910393117
          },
          "nan_seen": false,
          "wallclock_s": 601.3358387947083
        }
      }
    },
    "256": {
      "baseline_6L+MLP": {
        "42": {
          "c4": {
            "nll": 6.227786358832615,
            "top1_acc": 0.17472156735224778
          },
          "ood": {
            "nll": 7.4179319821367224,
            "top1_acc": 0.09416008244589488
          },
          "nan_seen": false,
          "wallclock_s": 107.65924048423767
        }
      },
      "minimal_3L_noMLP": {
        "42": {
          "c4": {
            "nll": 5.716608405820665,
            "top1_acc": 0.21569384602877814
          },
          "ood": {
            "nll": 6.840810717966335,
            "top1_acc": 0.141222947440742
          },
          "nan_seen": false,
          "wallclock_s": 336.93930554389954
        }
      }
    }
  },
  "delta_per_L": {
    "32": {
      "c4": -0.24193548387096975,
      "ood": -0.20967741935483952,
      "n_b": 1,
      "n_m": 1
    },
    "64": {
      "c4": -0.21428571428571408,
      "ood": 0.7408600418746982,
      "n_b": 1,
      "n_m": 1
    },
    "128": {
      "c4": 1.8110236220472449,
      "ood": 1.812274037801473,
      "n_b": 1,
      "n_m": 1
    },
    "256": {
      "c4": 4.097227867653036,
      "ood": 4.706286499484714,
      "n_b": 1,
      "n_m": 1
    }
  },
  "spearman_rho_c4": 1.0,
  "spearman_rho_ood": 1.0,
  "delta_32_c4": -0.24193548387096975,
  "delta_256_c4": 4.097227867653036,
  "sign_consistent": false,
  "verdict": "PARTIAL_INVERSION: rho_c4=+1.00, rho_ood=+1.00, delta_256_c4=+4.10pp. Direction supported, no clean sign flip at L=32.",
  "elapsed_s": 6573.938924312592
}