{
  "genome": 149,
  "name": "hp_robustness_200m",
  "config": {
    "baseline_steps": 4000,
    "minimal_steps": 8000,
    "n_train_pool": 32768,
    "lr_grid": [
      0.0001,
      0.0003,
      0.001
    ],
    "seed": 42,
    "batch": 8
  },
  "results": {
    "baseline_200M_4k": {
      "params_M": 209.324032,
      "per_lr": {
        "0.0001": {
          "c4": {
            "nll": 6.226315146082067,
            "top1_acc": 0.17619493908153702,
            "top5_acc": 0.3310174809502465
          },
          "ood": {
            "nll": 7.334141526098853,
            "top1_acc": 0.09753732118735063,
            "top5_acc": 0.20106681445048666
          },
          "wallclock_s": 329.4198932647705,
          "nan_seen": false
        },
        "0.0003": {
          "c4": {
            "nll": 5.991605884030806,
            "top1_acc": 0.17927142333238255,
            "top5_acc": 0.34146937777596675
          },
          "ood": {
            "nll": 7.126874718575733,
            "top1_acc": 0.10148592012746355,
            "top5_acc": 0.21225451144747323
          },
          "wallclock_s": 331.9535081386566,
          "nan_seen": false
        },
        "0.001": {
          "c4": {
            "nll": 6.866549855344118,
            "top1_acc": 0.1218573000285237,
            "top5_acc": 0.25538894095595127
          },
          "ood": {
            "nll": 7.848429219632157,
            "top1_acc": 0.06445914585570295,
            "top5_acc": 0.15496518998302794
          },
          "wallclock_s": 329.2422842979431,
          "nan_seen": false
        }
      }
    },
    "minimal_7L_200M_8k": {
      "params_M": 80.859136,
      "per_lr": {
        "0.0001": {
          "c4": {
            "nll": 6.234138788150442,
            "top1_acc": 0.1730777066949187,
            "top5_acc": 0.32851147060022
          },
          "ood": {
            "nll": 7.270963943057047,
            "top1_acc": 0.09771050535139067,
            "top5_acc": 0.2056042395483357
          },
          "wallclock_s": 315.7993047237396,
          "nan_seen": false
        },
        "0.0003": {
          "c4": {
            "nll": 5.942056150931095,
            "top1_acc": 0.1829795036877063,
            "top5_acc": 0.35063770832484414
          },
          "ood": {
            "nll": 7.034879290637664,
            "top1_acc": 0.10553842956600049,
            "top5_acc": 0.2250355027536282
          },
          "wallclock_s": 315.5164921283722,
          "nan_seen": false
        },
        "0.001": {
          "c4": {
            "nll": 7.835377531477935,
            "top1_acc": 0.05103704005541747,
            "top5_acc": 0.15476141966505033
          },
          "ood": {
            "nll": 8.495722351148212,
            "top1_acc": 0.022340757161165185,
            "top5_acc": 0.08905129714938866
          },
          "wallclock_s": 314.2127318382263,
          "nan_seen": false
        }
      }
    }
  },
  "sweep": [
    {
      "lr": 0.0001,
      "baseline_c4_top1": 0.17619493908153702,
      "baseline_ood_top1": 0.09753732118735063,
      "minimal_c4_top1": 0.1730777066949187,
      "minimal_ood_top1": 0.09771050535139067,
      "c4_top1_gap_pp": -0.3117232386618318,
      "ood_top1_gap_pp": 0.017318416404003834,
      "c4_nll_gap_minimal_better": -0.007823642068375491,
      "ood_nll_gap_minimal_better": 0.06317758304180643,
      "minimal_wins_cell": false
    },
    {
      "lr": 0.0003,
      "baseline_c4_top1": 0.17927142333238255,
      "baseline_ood_top1": 0.10148592012746355,
      "minimal_c4_top1": 0.1829795036877063,
      "minimal_ood_top1": 0.10553842956600049,
      "c4_top1_gap_pp": 0.3708080355323745,
      "ood_top1_gap_pp": 0.40525094385369387,
      "c4_nll_gap_minimal_better": 0.04954973309971056,
      "ood_nll_gap_minimal_better": 0.09199542793806881,
      "minimal_wins_cell": true
    },
    {
      "lr": 0.001,
      "baseline_c4_top1": 0.1218573000285237,
      "baseline_ood_top1": 0.06445914585570295,
      "minimal_c4_top1": 0.05103704005541747,
      "minimal_ood_top1": 0.022340757161165185,
      "c4_top1_gap_pp": -7.082025997310623,
      "ood_top1_gap_pp": -4.211838869453777,
      "c4_nll_gap_minimal_better": -0.9688276761338166,
      "ood_nll_gap_minimal_better": -0.6472931315160544,
      "minimal_wins_cell": false
    }
  ],
  "verdict": "KILL: minimal wins only 1/3 HP cells. Win was HP-specific.",
  "elapsed_s": 1987.849905014038
}