{
  "genome": 145,
  "name": "matched_flops_100m",
  "config": {
    "baseline_steps": 4000,
    "minimal_steps": 8000,
    "lr": 0.0003,
    "batch": 8,
    "seeds": [
      42,
      7,
      13
    ]
  },
  "results": {
    "baseline_100M_4k": {
      "per_seed": {
        "42": {
          "c4": {
            "nll": 6.944958239967407,
            "top1_acc": 0.1339987777551436,
            "top5_acc": 0.2653697290690568
          },
          "ood": {
            "nll": 7.9559419486682135,
            "top1_acc": 0.0720099754078487,
            "top5_acc": 0.15773613660766858
          }
        },
        "7": {
          "c4": {
            "nll": 6.8680382970055005,
            "top1_acc": 0.13544510083520064,
            "top5_acc": 0.27217355876960686
          },
          "ood": {
            "nll": 7.917148695923244,
            "top1_acc": 0.0758546638495376,
            "top5_acc": 0.16144227771812544
          }
        },
        "13": {
          "c4": {
            "nll": 6.857608474231005,
            "top1_acc": 0.13801181503361173,
            "top5_acc": 0.2765532695049908
          },
          "ood": {
            "nll": 7.94818329811922,
            "top1_acc": 0.07755186865712999,
            "top5_acc": 0.1655640608222784
          }
        }
      },
      "params_M": 123.566592,
      "wallclock_s": [
        241.49699640274048,
        241.41076588630676,
        241.3451144695282
      ]
    },
    "minimal_6L_100M_8k": {
      "per_seed": {
        "42": {
          "c4": {
            "nll": 7.1483397840700755,
            "top1_acc": 0.12750050926869017,
            "top5_acc": 0.2579344061927073
          },
          "ood": {
            "nll": 8.266287970627966,
            "top1_acc": 0.06546361400713518,
            "top5_acc": 0.15077413321325897
          }
        },
        "7": {
          "c4": {
            "nll": 7.136606233448767,
            "top1_acc": 0.12935424730087594,
            "top5_acc": 0.2563454878794052
          },
          "ood": {
            "nll": 8.198676872986734,
            "top1_acc": 0.07131723875168855,
            "top5_acc": 0.15874060475910082
          }
        },
        "13": {
          "c4": {
            "nll": 7.158769606844571,
            "top1_acc": 0.12876349562028927,
            "top5_acc": 0.2539417396618456
          },
          "ood": {
            "nll": 8.207543902185584,
            "top1_acc": 0.07003567593779225,
            "top5_acc": 0.1512936857053791
          }
        }
      },
      "params_M": 52.778496,
      "wallclock_s": [
        244.57826232910156,
        244.9684820175171,
        245.05112981796265
      ]
    }
  },
  "summary": {
    "baseline_100M_4k": {
      "c4_nll_mean": 6.890201670401304,
      "c4_top1_mean": 0.13581856454131866,
      "c4_top1_std": 0.0016594624439728036,
      "ood_nll_mean": 7.940424647570225,
      "ood_top1_mean": 0.07513883597150543,
      "ood_top1_std": 0.002318397774302099,
      "params_M": 123.566592,
      "wallclock_s_mean": 241.4176255861918
    },
    "minimal_6L_100M_8k": {
      "c4_nll_mean": 7.147905208121138,
      "c4_top1_mean": 0.12853941739661848,
      "c4_top1_std": 0.0007731944389934516,
      "ood_nll_mean": 8.22416958193343,
      "ood_top1_mean": 0.06893884289887199,
      "ood_top1_std": 0.0025124374219685744,
      "params_M": 52.778496,
      "wallclock_s_mean": 244.86595805486044
    }
  },
  "verdict": "REVERSE: baseline now beats minimal at matched compute. C4 -0.73pp, OOD -0.62pp. g144 was a step-budget artifact; baseline_100M with sufficient training is better.",
  "elapsed_s": 1489.385998725891
}