{
  "genome": 158,
  "name": "context_length_inversion",
  "config": {
    "context_lengths": [
      32,
      64,
      128,
      256
    ],
    "seeds": [
      42,
      7,
      13
    ],
    "warmup_steps": 200,
    "n_train_256": 32768,
    "lr_grid": [
      0.0002,
      0.0003,
      0.0004
    ],
    "lr_select_L": 128,
    "arm_lr": {
      "baseline_6L+MLP": 0.0002,
      "minimal_3L_noMLP": 0.0004
    }
  },
  "results": {
    "32": {
      "baseline_6L+MLP": {
        "42": {
          "c4": {
            "nll": 6.887741935483871,
            "top1_acc": 0.15483870967741936
          },
          "ood": {
            "nll": 7.922580645161291,
            "top1_acc": 0.09290322580645162
          },
          "nan_seen": false,
          "wallclock_s": 822.690762758255
        },
        "7": {
          "c4": {
            "nll": 6.910967741935484,
            "top1_acc": 0.15629032258064515
          },
          "ood": {
            "nll": 7.976774193548387,
            "top1_acc": 0.09241935483870968
          },
          "nan_seen": false,
          "wallclock_s": 818.7476742267609
        },
        "13": {
          "c4": {
            "nll": 6.898064516129033,
            "top1_acc": 0.1553225806451613
          },
          "ood": {
            "nll": 7.993548387096774,
            "top1_acc": 0.0964516129032258
          },
          "nan_seen": false,
          "wallclock_s": 818.7458703517914
        }
      },
      "minimal_3L_noMLP": {
        "42": {
          "c4": {
            "nll": 6.9316129032258065,
            "top1_acc": 0.15241935483870966
          },
          "ood": {
            "nll": 7.92,
            "top1_acc": 0.09080645161290322
          },
          "nan_seen": false,
          "wallclock_s": 2038.0541355609894
        },
        "7": {
          "c4": {
            "nll": 6.934193548387097,
            "top1_acc": 0.155
          },
          "ood": {
            "nll": 7.9470967741935485,
            "top1_acc": 0.09451612903225806
          },
          "nan_seen": false,
          "wallclock_s": 1985.6203246116638
        },
        "13": {
          "c4": {
            "nll": 6.935483870967742,
            "top1_acc": 0.15258064516129033
          },
          "ood": {
            "nll": 7.929032258064516,
            "top1_acc": 0.09161290322580645
          },
          "nan_seen": false,
          "wallclock_s": 1994.6517806053162
        }
      }
    },
    "64": {
      "baseline_6L+MLP": {
        "42": {
          "c4": {
            "nll": 6.520634920634921,
            "top1_acc": 0.1707936507936508
          },
          "ood": {
            "nll": 7.609598969238203,
            "top1_acc": 0.10049927524561121
          },
          "nan_seen": false,
          "wallclock_s": 333.2246079444885
        },
        "7": {
          "c4": {
            "nll": 6.52952380952381,
            "top1_acc": 0.17222222222222222
          },
          "ood": {
            "nll": 7.600579803511033,
            "top1_acc": 0.09776131422129167
          },
          "nan_seen": false,
          "wallclock_s": 339.6316673755646
        },
        "13": {
          "c4": {
            "nll": 6.5193650793650795,
            "top1_acc": 0.1726984126984127
          },
          "ood": {
            "nll": 7.5709454018360445,
            "top1_acc": 0.09937187952971493
          },
          "nan_seen": false,
          "wallclock_s": 338.5526304244995
        }
      },
      "minimal_3L_noMLP": {
        "42": {
          "c4": {
            "nll": 6.487619047619048,
            "top1_acc": 0.16865079365079366
          },
          "ood": {
            "nll": 7.540022547914318,
            "top1_acc": 0.1079078756643582
          },
          "nan_seen": false,
          "wallclock_s": 1025.2127077579498
        },
        "7": {
          "c4": {
            "nll": 6.511746031746032,
            "top1_acc": 0.16753968253968254
          },
          "ood": {
            "nll": 7.509099693992591,
            "top1_acc": 0.09961346432597842
          },
          "nan_seen": false,
          "wallclock_s": 1037.5390684604645
        },
        "13": {
          "c4": {
            "nll": 6.486349206349207,
            "top1_acc": 0.1719047619047619
          },
          "ood": {
            "nll": 7.549041713641488,
            "top1_acc": 0.1057336124979868
          },
          "nan_seen": false,
          "wallclock_s": 1012.1479053497314
        }
      }
    },
    "128": {
      "baseline_6L+MLP": {
        "42": {
          "c4": {
            "nll": 6.343307086614173,
            "top1_acc": 0.1725984251968504
          },
          "ood": {
            "nll": 7.435083062560066,
            "top1_acc": 0.10434305066129697
          },
          "nan_seen": false,
          "wallclock_s": 205.51922845840454
        },
        "7": {
          "c4": {
            "nll": 6.3319685039370075,
            "top1_acc": 0.17334645669291338
          },
          "ood": {
            "nll": 7.47755251475905,
            "top1_acc": 0.09743261177978124
          },
          "nan_seen": false,
          "wallclock_s": 224.7890853881836
        },
        "13": {
          "c4": {
            "nll": 6.325669291338583,
            "top1_acc": 0.17413385826771655
          },
          "ood": {
            "nll": 7.4541210928561625,
            "top1_acc": 0.10164294540295639
          },
          "nan_seen": false,
          "wallclock_s": 229.28444170951843
        }
      },
      "minimal_3L_noMLP": {
        "42": {
          "c4": {
            "nll": 6.096377952755906,
            "top1_acc": 0.19070866141732284
          },
          "ood": {
            "nll": 7.202233307400119,
            "top1_acc": 0.1224657910393117
          },
          "nan_seen": false,
          "wallclock_s": 659.1826438903809
        },
        "7": {
          "c4": {
            "nll": 6.0724409448818895,
            "top1_acc": 0.1962992125984252
          },
          "ood": {
            "nll": 7.140725824905038,
            "top1_acc": 0.12704224062971947
          },
          "nan_seen": false,
          "wallclock_s": 669.9302935600281
        },
        "13": {
          "c4": {
            "nll": 6.097637795275591,
            "top1_acc": 0.1903937007874016
          },
          "ood": {
            "nll": 7.187588668710815,
            "top1_acc": 0.11985721477277927
          },
          "nan_seen": false,
          "wallclock_s": 656.9841663837433
        }
      }
    },
    "256": {
      "baseline_6L+MLP": {
        "42": {
          "c4": {
            "nll": 6.227786358832615,
            "top1_acc": 0.17472156735224778
          },
          "ood": {
            "nll": 7.4179319821367224,
            "top1_acc": 0.09416008244589488
          },
          "nan_seen": false,
          "wallclock_s": 117.68777441978455
        },
        "7": {
          "c4": {
            "nll": 6.210877164458174,
            "top1_acc": 0.17622551012112836
          },
          "ood": {
            "nll": 7.397045688766747,
            "top1_acc": 0.10034352456200618
          },
          "nan_seen": false,
          "wallclock_s": 110.06603264808655
        },
        "13": {
          "c4": {
            "nll": 6.205674335419885,
            "top1_acc": 0.17585968620437362
          },
          "ood": {
            "nll": 7.392648574373068,
            "top1_acc": 0.10006870491240123
          },
          "nan_seen": false,
          "wallclock_s": 99.42077827453613
        }
      },
      "minimal_3L_noMLP": {
        "42": {
          "c4": {
            "nll": 5.716608405820665,
            "top1_acc": 0.21569384602877814
          },
          "ood": {
            "nll": 6.840810717966335,
            "top1_acc": 0.141222947440742
          },
          "nan_seen": false,
          "wallclock_s": 356.75598978996277
        },
        "7": {
          "c4": {
            "nll": 5.724412649378099,