{
  "genome": 157,
  "name": "eta_delta_probe_pilot",
  "config": {
    "midband_indices": {
      "14": [
        5,
        7,
        9
      ],
      "7": [
        2,
        3,
        4
      ]
    },
    "n_probe_train": 2048,
    "probe_lr": 0.001,
    "probe_steps": 500,
    "probe_batch": 32,
    "pilot_seed": 42,
    "projected_hours": 0.49543209075927735
  },
  "results": {
    "natural__baseline_200M_4k__seed42": {
      "meta": {
        "cond": "natural",
        "arm": "baseline_200M_4k",
        "seed": 42,
        "vocab_size": 50277,
        "n_layers": 14,
        "hidden": 1024
      },
      "per_layer": {
        "5": {
          "CE_lin": 8.732247692517074,
          "CE_local": 6.6092626416658415,
          "CE_prefix": 7.995475353855291,
          "delta_hat_mlp": 2.1229850508512325,
          "eta_hat": -1.3862127121894492,
          "G_l": -3.5091977630406817,
          "R_l": -0.6529545328798397,
          "depth_frac": 0.38461538461538464,
          "params_M": {
            "lin": 51.533925,
            "local": 51.506183,
            "prefix": 51.532062
          },
          "wallclock_s": 134.0409710407257
        },
        "7": {
          "CE_lin": 9.560834343759279,
          "CE_local": 6.62093669578343,
          "CE_prefix": 7.941291803795902,
          "delta_hat_mlp": 2.9398976479758483,
          "eta_hat": -1.320355108012472,
          "G_l": -4.26025275598832,
          "R_l": -0.4491160122263273,
          "depth_frac": 0.5384615384615384,
          "params_M": {
            "lin": 51.533925,
            "local": 51.506183,
            "prefix": 51.532062
          },
          "wallclock_s": 134.1180498600006
        },
        "9": {
          "CE_lin": 10.814853029421954,
          "CE_local": 6.622675968771652,
          "CE_prefix": 8.131478969736712,
          "delta_hat_mlp": 4.192177060650302,
          "eta_hat": -1.5088030009650595,
          "G_l": -5.700980061615361,
          "R_l": -0.3599091782471158,
          "depth_frac": 0.6923076923076923,
          "params_M": {
            "lin": 51.533925,
            "local": 51.506183,
            "prefix": 51.532062
          },
          "wallclock_s": 134.52769565582275
        }
      }
    },
    "natural__minimal_7L_200M_8k__seed42": {
      "meta": {
        "cond": "natural",
        "arm": "minimal_7L_200M_8k",
        "seed": 42,
        "vocab_size": 50277,
        "n_layers": 7,
        "hidden": 1024
      },
      "per_layer": {
        "2": {
          "CE_lin": 8.414776706176383,
          "CE_local": 6.732386419875285,
          "CE_prefix": 7.81827056319905,
          "delta_hat_mlp": 1.6823902863010982,
          "eta_hat": -1.0858841433237654,
          "G_l": -2.7682744296248636,
          "R_l": -0.6454412820649299,
          "depth_frac": 0.3333333333333333,
          "params_M": {
            "lin": 51.533925,
            "local": 51.506183,
            "prefix": 51.532062
          },
          "wallclock_s": 131.36781287193298
        },
        "3": {
          "CE_lin": 8.562633778333169,
          "CE_local": 6.694840409408097,
          "CE_prefix": 8.130196630951202,
          "delta_hat_mlp": 1.8677933689250716,
          "eta_hat": -1.4353562215431053,
          "G_l": -3.303149590468177,
          "R_l": -0.7684769875637598,
          "depth_frac": 0.5,
          "params_M": {
            "lin": 51.533925,
            "local": 51.506183,
            "prefix": 51.532062
          },
          "wallclock_s": 145.12090730667114
        },
        "4": {
          "CE_lin": 8.878678053548452,
          "CE_local": 6.64225987949124,
          "CE_prefix": 8.249856091631198,
          "delta_hat_mlp": 2.2364181740572118,
          "eta_hat": -1.607596212139958,
          "G_l": -3.84401438619717,
          "R_l": -0.7188263048424113,
          "depth_frac": 0.6666666666666666,
          "params_M": {
            "lin": 51.533925,
            "local": 51.506183,
            "prefix": 51.532062
          },
          "wallclock_s": 147.05804991722107
        }
      }
    },
    "token_shuffled__baseline_200M_4k__seed42": {
      "meta": {
        "cond": "token_shuffled",
        "arm": "baseline_200M_4k",
        "seed": 42,
        "vocab_size": 50277,
        "n_layers": 14,
        "hidden": 1024
      },
      "per_layer": {
        "5": {
          "CE_lin": 238.53284173017914,
          "CE_local": 8.079485363258438,
          "CE_prefix": 54.09518459863407,
          "delta_hat_mlp": 230.4533563669207,
          "eta_hat": -46.015699235375635,
          "G_l": -276.46905560229635,
          "R_l": -0.19967467586851226,
          "depth_frac": 0.38461538461538464,
          "params_M": {
            "lin": 51.533925,
            "local": 51.506183,
            "prefix": 51.532062
          },
          "wallclock_s": 150.25524258613586
        },
        "7": {
          "CE_lin": 264.56450806691083,
          "CE_local": 8.11417833811739,
          "CE_prefix": 63.52603743937444,
          "delta_hat_mlp": 256.45032972879346,
          "eta_hat": -55.41185910125705,
          "G_l": -311.8621888300505,
          "R_l": -0.21607248140354243,
          "depth_frac": 0.5384615384615384,
          "params_M": {
            "lin": 51.533925,
            "local": 51.506183,
            "prefix": 51.532062
          },
          "wallclock_s": 150.5152566432953
        },
        "9": {
          "CE_lin": 291.2858779570425,
          "CE_local": 8.226659392630902,
          "CE_prefix": 80.90574952984262,
          "delta_hat_mlp": 283.0592185644116,
          "eta_hat": -72.67909013721172,
          "G_l": -355.7383087016233,
          "R_l": -0.2567628445588788,
          "depth_frac": 0.6923076923076923,
          "params_M": {
            "lin": 51.533925,
            "local": 51.506183,
            "prefix": 51.532062
          },
          "wallclock_s": 148.722758769989
        }
      }
    },
    "token_shuffled__minimal_7L_200M_8k__seed42": {
      "meta": {
        "cond": "token_shuffled",
        "arm": "minimal_7L_200M_8k",
        "seed": 42,
        "vocab_size": 50277,
        "n_layers": 7,
        "hidden": 1024
      },
      "per_layer": {
        "2": {
          "CE_lin": 62.3562438137187,
          "CE_local": 7.970515023384143,
          "CE_prefix": 10.053612942937741,
          "delta_hat_mlp": 54.385728790334554,
          "eta_hat": -2.083097919553598,
          "G_l": -56.46882670988815,
          "R_l": -0.03830228933006055,
          "depth_frac": 0.3333333333333333,
          "params_M": {
            "lin": 51.533925,
            "local": 51.506183,
            "prefix": 51.532062
          },
          "wallclock_s": 145.9187707901001
        },
        "3": {
          "CE_lin": 75.22326351083836,
          "CE_local": 7.952926497698703,
          "CE_prefix": 10.554090059883203,
          "delta_hat_mlp": 67.27033701313967,
          "eta_hat": -2.6011635621844995,
          "G_l": -69.87150057532416,
          "R_l": -0.03866731872736751,
          "depth_frac": 0.5,
          "params_M": {
            "lin": 51.533925,
            "local": 51.506183,
            "prefix": 51.532062
          },
          "wallclock_s": 145.73560428619385
        },
        "4": {
          "CE_lin": 92.96501163020885,
          "CE_local": 7.994041064535287,
          "CE_prefix": 14.39425835766604,
          "delta_hat_mlp": 84.97097056567357,
          "eta_hat": -6.400217293130753,
          "G_l": -91.37118785880432,
          "R_l": -0.07532239834996426,
          "depth_frac": 0.6666666666666666,
          "params_M": {
            "lin": 51.533925,
            "local": 51.506183,
            "prefix": 51.532062
          },
          "wallclock_s": 145.9539978504181
        }
      }
    }
  },
  "summary": {
    "natural__baseline_200M_4k": {
      "G_mid_mean": -4.490143526881455,
      "G_per_layer": {
        "5": -3.5091977630406817,
        "7": -4.26025275598832,