{
  "model": "Qwen/Qwen3-0.6B",
  "n_layers": 28,
  "d_model": 1024,
  "n_seqs": 100,
  "scaffold_layer": 14,
  "pca_var_explained": [
    0.887740433216095,
    0.012755181640386581,
    0.008155596442520618,
    0.005978741217404604,
    0.005206622648984194,
    0.00466167414560914,
    0.004234096501022577,
    0.003874238347634673,
    0.0032423490192741156,
    0.0029174890369176865,
    0.0025732398498803377,
    0.0024658306501805782,
    0.002307860879227519,
    0.0021278259810060263,
    0.0020232677925378084,
    0.0019219983369112015,
    0.001782897743396461,
    0.001682003610767424,
    0.0016326617915183306,
    0.0015132318949326873
  ],
  "k_values": [
    0,
    1,
    2,
    3,
    4,
    5,
    6,
    8,
    10,
    12,
    15,
    20
  ],
  "nll_pca_top": {
    "0": 4.201389257724468,
    "1": 10.006015190711388,
    "2": 10.61839037675124,
    "3": 10.659642146183895,
    "4": 10.956072367154635,
    "5": 10.959380663358248,
    "6": 11.199414326594425,
    "8": 11.626407843369703,
    "10": 12.06809975550725,
    "12": 11.857985789959248,
    "15": 11.797445957477276,
    "20": 12.176883404071514
  },
  "nll_random": {
    "0": 4.201389257724468,
    "1": 4.266146183013916,
    "2": 4.285966506371131,
    "3": 4.279728192549485,
    "4": 4.32027189548199,
    "5": 4.375394270970271,
    "6": 4.362451113187349,
    "8": 4.599801026857817,
    "10": 5.088678139906663,
    "12": 5.334894253657414,
    "15": 5.419780511122483,
    "20": 5.601945070120005
  },
  "nll_pca_bottom": {
    "0": 4.201389257724468,
    "1": 4.211602009259737,
    "2": 4.255501160254846,
    "3": 4.307042085207426,
    "4": 4.347091381366436,
    "5": 4.379138102898231,
    "6": 4.436555018791785,
    "8": 4.563227250025823,
    "10": 4.695100014026348,
    "12": 4.774797549614539,
    "15": 5.353662747603196,
    "20": 12.169673772958609
  },
  "nll_per_task": {
    "math": {
      "0": 2.992235988378525,
      "1": 8.814935684204102,
      "3": 8.93971049785614,
      "5": 8.439051866531372,
      "10": 9.98893678188324
    },
    "code": {
      "0": 1.3406215161085129,
      "1": 10.524764060974121,
      "3": 10.293429613113403,
      "5": 10.436782717704773,
      "10": 10.732985258102417
    },
    "factual": {
      "0": 2.1934840977191925,
      "1": 10.679832816123962,
      "3": 11.812703490257263,
      "5": 12.166643142700195,
      "10": 13.667807817459106
    }
  },
  "nll_clean": 4.201389257724468,
  "nll_k1": 10.006015190711388,
  "ratio_k1_vs_clean": 2.3815967949922325,
  "frac_k1_of_total_damage": 0.7278076852009938,
  "powerlaw_exponent": 0.10770673175303959,
  "verdict": "CRITICAL_SUBSPACE_CONFIRMED: NLL(k=1)/NLL_clean=2.382 >= 2.0. Top PCA direction is catastrophically critical. Dir-0 accounts for 72.8% of total k=20 damage. Power-law exponent=0.108.",
  "elapsed_s": 178.61973881721497
}