{
  "model": "Qwen/Qwen3-0.6B",
  "n_layers": 28,
  "d_model": 1024,
  "n_seqs": 80,
  "n_dirs": 20,
  "n_pairs_tested": 100,
  "nll_clean": 4.206611800193786,
  "mean_synergy": 0.009056365489959521,
  "max_synergy": 0.2879863977432242,
  "min_synergy": -0.046043992042541504,
  "frac_above_pass": 0.06,
  "n_superadditive": 6,
  "n_subadditive": 0,
  "synergies": [
    -0.0026414155960088337,
    0.002203631401061834,
    0.0017147302627558147,
    -0.0030920743942255413,
    0.009386992454528453,
    -0.012499499320985485,
    -0.01257274150848442,
    0.13312461376190132,
    0.0015188932418812584,
    0.00561945438384992,
    0.0018352270126342773,
    0.007777190208433815,
    -0.00877621173858767,
    0.0021551370620729315,
    0.003368926048278098,
    0.004634737968444824,
    0.0003203153610229492,
    0.001462769508361994,
    0.007407879829407271,
    -0.005713152885436834,
    -0.02414305210113543,
    0.0019325494766233575,
    0.0005915880203248847,
    -0.0003343820571899414,
    -0.0025805234909048735,
    0.00373232364654541,
    0.007033371925354359,
    -0.036302733421325506,
    0.0021763563156120824,
    0.011281323432922541,
    0.0039180040359489965,
    0.000946974754334029,
    0.16812570095062274,
    0.0004823446273798382,
    0.00048391819000226377,
    -0.004885935783386586,
    0.013432145118713379,
    -0.000749754905700506,
    0.0012968301773073065,
    -0.0022739171981811523,
    -0.00019505023956334355,
    0.0057341814041143024,
    0.0024790525436397814,
    0.0006382703781122601,
    -0.0014084100723268378,
    0.02825767993926931,
    0.0031112909317014825,
    0.0002128362655646754,
    -0.0004930734634402967,
    0.004543852806090598,
    0.0015612363815309394,
    0.02656505107879692,
    -0.005560851097106578,
    -0.0006654500961307264,
    0.005706334114074174,
    0.004436850547789639,
    0.007879662513731844,
    -0.010361695289612172,
    -0.0175246000289917,
    0.0030947446823121894,
    0.0013645887374869048,
    -0.00012271404266339658,
    -0.0014727830886842597,
    -0.006301236152649992,
    0.0649257421493532,
    -0.007626509666443404,
    0.003809285163878684,
    -0.008493542671203613,
    -0.004615569114684526,
    -0.0064267873764043415,
    -0.0008491277694702148,
    0.02626769542694074,
    0.005573534965515492,
    -0.007890486717224476,
    -0.001403403282165705,
    -0.046043992042541504,
    -0.009471297264099121,
    0.001100516319274547,
    0.13283698558807355,
    -0.020181632041930797,
    0.00507013797759992,
    0.09424054622650058,
    -0.01847894191741961,
    0.011569190025329412,
    -0.0046139955520638765,
    0.01310656070709193,
    0.004434370994567338,
    0.019064354896544344,
    -0.005079054832457963,
    0.0008179426193235528,
    0.0016038656234735882,
    0.2879863977432242,
    -0.0018112421035763049,
    0.0027141809463495647,
    -0.005831980705261586,
    0.002491593360901767,
    -0.002930283546447754,
    0.005797743797302246,
    0.0035917997360233045,
    0.037503647804260076
  ],
  "pair_results": [
    {
      "i": 14,
      "j": 15,
      "nll_clean": 4.206611800193786,
      "nll_i": 4.242690706253052,
      "nll_j": 4.253634309768676,
      "nll_ij": 4.287071800231933,
      "synergy": -0.0026414155960088337
    },
    {
      "i": 15,
      "j": 16,
      "nll_clean": 4.206611800193786,
      "nll_i": 4.253634309768676,
      "nll_j": 4.236788415908814,
      "nll_ij": 4.286014556884766,
      "synergy": 0.002203631401061834
    },
    {
      "i": 6,
      "j": 19,
      "nll_clean": 4.206611800193786,
      "nll_i": 4.242048263549805,
      "nll_j": 4.223435878753662,
      "nll_ij": 4.260587072372436,
      "synergy": 0.0017147302627558147
    },
    {
      "i": 3,
      "j": 15,
      "nll_clean": 4.206611800193786,
      "nll_i": 4.287014102935791,
      "nll_j": 4.253634309768676,
      "nll_ij": 4.330944538116455,
      "synergy": -0.0030920743942255413
    },
    {
      "i": 6,
      "j": 9,
      "nll_clean": 4.206611800193786,
      "nll_i": 4.242048263549805,
      "nll_j": 4.313974523544312,
      "nll_ij": 4.358797979354859,
      "synergy": 0.009386992454528453
    },
    {
      "i": 0,
      "j": 16,
      "nll_clean": 4.206611800193786,
      "nll_i": 10.035914325714112,
      "nll_j": 4.236788415908814,
      "nll_ij": 10.053591442108154,
      "synergy": -0.012499499320985485
    },
    {
      "i": 0,
      "j": 10,
      "nll_clean": 4.206611800193786,
      "nll_i": 10.035914325714112,
      "nll_j": 4.231332635879516,
      "nll_ij": 10.048062419891357,
      "synergy": -0.01257274150848442
    },
    {
      "i": 0,
      "j": 17,
      "nll_clean": 4.206611800193786,
      "nll_i": 10.035914325714112,
      "nll_j": 4.237683296203613,
      "nll_ij": 10.20011043548584,
      "synergy": 0.13312461376190132
    },
    {
      "i": 9,
      "j": 16,
      "nll_clean": 4.206611800193786,
      "nll_i": 4.313974523544312,
      "nll_j": 4.236788415908814,
      "nll_ij": 4.3456700325012205,
      "synergy": 0.0015188932418812584
    },
    {
      "i": 8,
      "j": 9,
      "nll_clean": 4.206611800193786,
      "nll_i": 4.234156608581543,
      "nll_j": 4.313974523544312,
      "nll_ij": 4.347138786315918,
      "synergy": 0.00561945438384992
    },
    {
      "i": 6,
      "j": 17,
      "nll_clean": 4.206611800193786,
      "nll_i": 4.242048263549805,
      "nll_j": 4.237683296203613,
      "nll_ij": 4.274954986572266,
      "synergy": 0.0018352270126342773
    },
    {
      "i": 5,
      "j": 16,
      "nll_clean": 4.206611800193786,
      "nll_i": 4.43720760345459,
      "nll_j": 4.236788415908814,
      "nll_ij": 4.475161409378051,
      "synergy": 0.007777190208433815
    },
    {
      "i": 0,
      "j": 19,
      "nll_clean": 4.206611800193786,
      "nll_i": 10.035914325714112,
      "nll_j": 4.223435878753662,
      "nll_ij": 10.0439621925354,
      "synergy": -0.00877621173858767
    },
    {
      "i": 12,
      "j": 15,
      "nll_clean": 4.206611800193786,
      "nll_i": 4.267912578582764,
      "nll_j": 4.253634309768676,
      "nll_ij": 4.317090225219727,
      "synergy": 0.0021551370620729315
    },
    {
      "i": 5,
      "j": 6,
      "nll_clean": 4.206611800193786,
      "nll_i": 4.43720760345459,
      "nll_j": 4.242048263549805,
      "nll_ij": 4.4760129928588865,
      "synergy": 0.003368926048278098
    },
    {
      "i": 7,
      "j": 16,
      "nll_clean": 4.206611800193786,
      "nll_i": 4.374208545684814,
      "nll_j": 4.236788415908814,
      "nll_ij": 4.409019899368286,
      "synergy": 0.004634737968444824
    },
    {
      "i": 6,
      "j": 12,
      "nll_clean": 4.206611800193786,
      "nll_i": 4.242048263549805,
      "nll_j": 4.267912578582764,
      "nll_ij": 4.303669357299805,
      "synergy": 0.0003203153610229492
    },
    {
      "i": 3,
      "j": 16,
      "nll_clean": 4.206611800193786,
      "nll_i": 4.287014102935791,
      "nll_j": 4.236788415908814,
      "nll_ij": 4.31865348815918,
      "synergy": 0.001462769508361994
    },
    {
      "i": 3,
      "j": 6,
      "nll_clean": 4.206611800193786,
      "nll_i": 4.287014102935791,
      "nll_j": 4.242048263549805,
      "nll_ij": 4.329858446121216,
      "synergy": 0.007407879829407271
    },
    {
      "i": 2,
      "j": 8,
      "nll_clean": 4.206611800193786,
      "nll_i": 4.439903020858765,
      "nll_j": 4.234156608581543,
      "nll_ij": 4.461734676361084,
      "synergy": -0.005713152885436834
    }
  ],
  "single_dir_nlls": {
    "0": 10.035914325714112,
    "1": 4.541731595993042,
    "2": 4.439903020858765,
    "3": 4.287014102935791,
    "4": 4.432717609405517,
    "5": 4.43720760345459,
    "6": 4.242048263549805,
    "7": 4.374208545684814,
    "8": 4.234156608581543,
    "9": 4.313974523544312,
    "10": 4.231332635879516,
    "11": 4.218759965896607,
    "12": 4.267912578582764,
    "13": 4.220203495025634,
    "14": 4.242690706253052,
    "15": 4.253634309768676,
    "16": 4.236788415908814,