{
  "model": "Qwen/Qwen3-0.6B",
  "n_fit": 200,
  "n_eval": 100,
  "nll_clean": 5.15515625,
  "probe_layers": [
    2,
    5,
    8,
    11,
    14,
    17,
    20,
    23,
    26
  ],
  "n_boot": 500,
  "pass_criteria": {
    "delta_nll_threshold": 1.0,
    "ratio_vs_random": 5.0,
    "ratio_vs_pc2": 3.0
  },
  "results_by_layer": {
    "2": {
      "var_top1": 0.8240641951560974,
      "var_pc2": 0.022933784872293472,
      "conditions": {
        "local_top1": {
          "mean": 4.77296875,
          "ci_lo": 4.4315390625,
          "ci_hi": 5.10641015625
        },
        "local_pc2": {
          "mean": 0.15875,
          "ci_lo": 0.11915625,
          "ci_hi": 0.19776953124999996
        },
        "local_random": {
          "mean": 0.015859375,
          "ci_lo": -0.001759765625,
          "ci_hi": 0.031644531249999996
        },
        "all_layers_top1": {
          "mean": 5.04890625,
          "ci_lo": 4.71953125,
          "ci_hi": 5.40390625
        }
      },
      "ratio_vs_random": 300.9366897062649,
      "ratio_vs_pc2": 30.065755491303992,
      "layer_pass": true
    },
    "5": {
      "var_top1": 0.5873722434043884,
      "var_pc2": 0.04157977178692818,
      "conditions": {
        "local_top1": {
          "mean": 4.45828125,
          "ci_lo": 4.1690625,
          "ci_hi": 4.795046875
        },
        "local_pc2": {
          "mean": 0.0784375,
          "ci_lo": 0.0563984375,
          "ci_hi": 0.10008984374999999
        },
        "local_random": {
          "mean": 0.004921875,
          "ci_lo": 0.00023046875000000023,
          "ci_hi": 0.009498046874999994
        },
        "all_layers_top1": {
          "mean": 5.23484375,
          "ci_lo": 4.8723359375,
          "ci_hi": 5.59983984375
        }
      },
      "ratio_vs_random": 905.6255237031205,
      "ratio_vs_pc2": 56.83792079144808,
      "layer_pass": true
    },
    "8": {
      "var_top1": 0.40453267097473145,
      "var_pc2": 0.05442157760262489,
      "conditions": {
        "local_top1": {
          "mean": 3.3603125,
          "ci_lo": 3.1774999999999998,
          "ci_hi": 3.57672265625
        },
        "local_pc2": {
          "mean": 0.047734375,
          "ci_lo": 0.016390625000000002,
          "ci_hi": 0.07593554687499997
        },
        "local_random": {
          "mean": -0.008984375,
          "ci_lo": -0.014806640624999999,
          "ci_hi": -0.003507812500000007
        },
        "all_layers_top1": {
          "mean": 5.50515625,
          "ci_lo": 5.115171875,
          "ci_hi": 5.95863671875
        }
      },
      "ratio_vs_random": 373.97576617559093,
      "ratio_vs_pc2": 70.39459729812533,
      "layer_pass": true
    },
    "11": {
      "var_top1": 0.2044973224401474,
      "var_pc2": 0.09286419302225113,
      "conditions": {
        "local_top1": {
          "mean": 3.5425,
          "ci_lo": 3.37491796875,
          "ci_hi": 3.7234765624999997
        },
        "local_pc2": {
          "mean": 0.13359375,
          "ci_lo": 0.10476171875,
          "ci_hi": 0.16243359375
        },
        "local_random": {
          "mean": 0.014765625,
          "ci_lo": 0.009958984375,
          "ci_hi": 0.019337890625
        },
        "all_layers_top1": {
          "mean": 5.62359375,
          "ci_lo": 5.23771484375,
          "ci_hi": 6.0607421875
        }
      },
      "ratio_vs_random": 239.89909678074716,
      "ratio_vs_pc2": 26.5167605762951,
      "layer_pass": true
    },
    "14": {
      "var_top1": 0.19329562783241272,
      "var_pc2": 0.10888780653476715,
      "conditions": {
        "local_top1": {
          "mean": 4.16234375,
          "ci_lo": 3.8518515625,
          "ci_hi": 4.48822265625
        },
        "local_pc2": {
          "mean": 2.47109375,
          "ci_lo": 2.3265,
          "ci_hi": 2.59341015625
        },
        "local_random": {
          "mean": -0.00484375,
          "ci_lo": -0.01414453125,
          "ci_hi": 0.00359375
        },
        "all_layers_top1": {
          "mean": 7.06703125,
          "ci_lo": 6.500570312500001,
          "ci_hi": 7.705875
        }
      },
      "ratio_vs_random": 859.1452087311006,
      "ratio_vs_pc2": 1.684412849810797,
      "layer_pass": false
    },
    "17": {
      "var_top1": 0.15847913920879364,
      "var_pc2": 0.08356115967035294,
      "conditions": {
        "local_top1": {
          "mean": 3.8884375,
          "ci_lo": 3.64491015625,
          "ci_hi": 4.1332070312499996
        },
        "local_pc2": {
          "mean": 1.36609375,
          "ci_lo": 1.28396484375,
          "ci_hi": 1.454734375
        },
        "local_random": {
          "mean": -0.015859375,
          "ci_lo": -0.022277343749999998,
          "ci_hi": -0.00875
        },
        "all_layers_top1": {
          "mean": 9.67265625,
          "ci_lo": 9.14775,
          "ci_hi": 10.245863281250001
        }
      },
      "ratio_vs_random": 245.16680721609674,
      "ratio_vs_pc2": 2.8463893152360042,
      "layer_pass": false
    },
    "20": {
      "var_top1": 0.10400622338056564,
      "var_pc2": 0.07922299951314926,
      "conditions": {
        "local_top1": {
          "mean": 2.87234375,
          "ci_lo": 2.6437265625,
          "ci_hi": 3.12721484375
        },
        "local_pc2": {
          "mean": 0.53484375,
          "ci_lo": 0.48247656250000004,
          "ci_hi": 0.5926210937499999
        },
        "local_random": {
          "mean": 0.01140625,
          "ci_lo": 0.004136718750000001,
          "ci_hi": 0.018363281249999995
        },
        "all_layers_top1": {
          "mean": 9.27984375,
          "ci_lo": 8.78304296875,
          "ci_hi": 9.8197265625
        }
      },
      "ratio_vs_random": 251.79984220561488,
      "ratio_vs_pc2": 5.370425249570086,
      "layer_pass": true
    },
    "23": {
      "var_top1": 0.09678306430578232,
      "var_pc2": 0.07268960773944855,
      "conditions": {
        "local_top1": {
          "mean": 2.7059375,
          "ci_lo": 2.5079531250000002,
          "ci_hi": 2.8927382812499998
        },
        "local_pc2": {
          "mean": 0.388984375,
          "ci_lo": 0.3091875,
          "ci_hi": 0.478337890625
        },
        "local_random": {
          "mean": -0.005390625,
          "ci_lo": -0.010197265625,
          "ci_hi": -0.000390625
        },
        "all_layers_top1": {
          "mean": 7.56890625,
          "ci_lo": 7.2508671875,
          "ci_hi": 7.936773437499999
        }
      },
      "ratio_vs_random": 501.8779125031879,
      "ratio_vs_pc2": 6.956399067702739,
      "layer_pass": true
    },
    "26": {
      "var_top1": 0.08292930573225021,
      "var_pc2": 0.07193592190742493,
      "conditions": {
        "local_top1": {
          "mean": 0.527265625,
          "ci_lo": 0.46784960937500003,
          "ci_hi": 0.58995703125
        },
        "local_pc2": {
          "mean": 1.30234375,
          "ci_lo": 1.14780859375,
          "ci_hi": 1.46024609375
        },
        "local_random": {
          "mean": 0.032265625,
          "ci_lo": 0.021439453125,
          "ci_hi": 0.04219531249999999
        },
        "all_layers_top1": {
          "mean": 3.06109375,
          "ci_lo": 2.79876953125,
          "ci_hi": 3.32082421875
        }
      },
      "ratio_vs_random": 16.34089790921734,
      "ratio_vs_pc2": 0.4048587173250401,
      "layer_pass": false
    }
  },
  "any_layer_pass": true,
  "verdict": "LAYER_LOCAL_CONFIRMED: 6 layers pass ([2, 5, 8, 11, 20, 23]). dir-0 effect is real and layer-local, not just a global hook artifact.",
  "elapsed_s": 40.412577629089355
}