{
  "genome": 144,
  "name": "minimal_prior_scale_100m",
  "config": {
    "train_steps": 4000,
    "lr": 0.0003,
    "batch": 8,
    "seeds": [
      42,
      7,
      13
    ],
    "scale": "100M target"
  },
  "results": {
    "baseline_100M": {
      "per_seed": {
        "42": {
          "c4": {
            "nll": 6.944958239967407,
            "top1_acc": 0.1339987777551436,
            "top5_acc": 0.2653697290690568
          },
          "ood": {
            "nll": 7.9559419486682135,
            "top1_acc": 0.0720099754078487,
            "top5_acc": 0.15773613660766858
          }
        },
        "7": {
          "c4": {
            "nll": 6.8680382970055005,
            "top1_acc": 0.13544510083520064,
            "top5_acc": 0.27217355876960686
          },
          "ood": {
            "nll": 7.917148695923244,
            "top1_acc": 0.0758546638495376,
            "top5_acc": 0.16144227771812544
          }
        },
        "13": {
          "c4": {
            "nll": 6.857608474231005,
            "top1_acc": 0.13801181503361173,
            "top5_acc": 0.2765532695049908
          },
          "ood": {
            "nll": 7.94818329811922,
            "top1_acc": 0.07755186865712999,
            "top5_acc": 0.1655640608222784
          }
        }
      },
      "params_M": 123.566592,
      "wallclock_s": [
        241.2689094543457,
        241.11912512779236,
        241.15440678596497
      ]
    },
    "minimal_6L_100M": {
      "per_seed": {
        "42": {
          "c4": {
            "nll": 6.59164799348136,
            "top1_acc": 0.151537991444286,
            "top5_acc": 0.29629252393562844
          },
          "ood": {
            "nll": 7.694364587302137,
            "top1_acc": 0.08274739357833119,
            "top5_acc": 0.17637075265837693
          }
        },
        "7": {
          "c4": {
            "nll": 6.596862904868608,
            "top1_acc": 0.15005092686901608,
            "top5_acc": 0.2942961906701976
          },
          "ood": {
            "nll": 7.716532160299262,
            "top1_acc": 0.08728481867618025,
            "top5_acc": 0.17865678362370546
          }
        },
        "13": {
          "c4": {
            "nll": 6.600774088409045,
            "top1_acc": 0.14842126706050113,
            "top5_acc": 0.29580362599307397
          },
          "ood": {
            "nll": 7.7409164905961,
            "top1_acc": 0.08264348307990717,
            "top5_acc": 0.17709812614734508
          }
        }
      },
      "params_M": 52.778496,
      "wallclock_s": [
        122.21418976783752,
        122.8207368850708,
        122.48400092124939
      ]
    }
  },
  "summary": {
    "baseline_100M": {
      "c4_nll_mean": 6.890201670401304,
      "c4_top1_mean": 0.13581856454131866,
      "c4_top1_std": 0.0016594624439728036,
      "ood_nll_mean": 7.940424647570225,
      "ood_top1_mean": 0.07513883597150543,
      "ood_top1_std": 0.002318397774302099,
      "params_M": 123.566592,
      "wallclock_s_mean": 241.18081378936768
    },
    "minimal_6L_100M": {
      "c4_nll_mean": 6.5964283289196715,
      "c4_top1_mean": 0.15000339512460106,
      "c4_top1_std": 0.0012728412237104727,
      "ood_nll_mean": 7.717271079399166,
      "ood_top1_mean": 0.08422523177813952,
      "ood_top1_std": 0.0021638705041225675,
      "params_M": 52.778496,
      "wallclock_s_mean": 122.50630919138591
    }
  },
  "verdict": "PARTIAL: gap 1-3pp top-1 (-1.42/-0.91) at 43% params. Win at 100M but tighter than 30M.",
  "elapsed_s": 1120.3413693904877
}