{
  "model": "Qwen/Qwen3-0.6B",
  "n_layers": 28,
  "d_model": 1024,
  "n_contexts": 400,
  "n_scaffold_dirs": 30,
  "scaffold_layer": 14,
  "explained_variance_top30": 0.9989880919456482,
  "sep_per_layer": [
    1.6651910543441772,
    1.926771640777588,
    2.7962231636047363,
    2.7977936267852783,
    2.800286054611206,
    2.8065648078918457,
    2.799292802810669,
    2.801848888397217,
    2.8019258975982666,
    2.801581621170044,
    2.805417776107788,
    2.782731771469116,
    2.7806148529052734,
    2.7788612842559814,
    2.774602174758911,
    2.7855095863342285,
    2.7631940841674805,
    2.743783473968506,
    2.7426438331604004,
    2.7333319187164307,
    2.6796610355377197,
    2.57212233543396,
    2.471212148666382,
    2.426978349685669,
    2.38372540473938,
    2.5145323276519775,
    2.4839224815368652,
    1.7981828451156616
  ],
  "max_separability": 2.8065648078918457,
  "peak_layer": 5,
  "diverge_layer": 2,
  "nn_accuracy_at_peak": 0.7425,
  "verdict": "PARTIAL: max_sep=2.807 in [1.2,2.0). Some task separation in scaffold space but weak.",
  "elapsed_s": 24.262125492095947
}