{
  "genome": 146,
  "name": "matched_flops_bigdata_100m",
  "config": {
    "baseline_steps": 4000,
    "minimal_steps": 8000,
    "n_train_pool": 32768,
    "lr": 0.0003,
    "batch": 8,
    "seeds": [
      42,
      7,
      13
    ]
  },
  "results": {
    "baseline_100M_4k": {
      "per_seed": {
        "42": {
          "c4": {
            "nll": 6.021596511959578,
            "top1_acc": 0.17935291960392813,
            "top5_acc": 0.3398394523450552
          },
          "ood": {
            "nll": 7.183402029718403,
            "top1_acc": 0.10207474628519968,
            "top5_acc": 0.206989712860656
          }
        },
        "7": {
          "c4": {
            "nll": 6.026812273338495,
            "top1_acc": 0.17923067519660976,
            "top5_acc": 0.3381484047104845
          },
          "ood": {
            "nll": 7.156800942121852,
            "top1_acc": 0.09625575837345433,
            "top5_acc": 0.20314502441896712
          }
        },
        "13": {
          "c4": {
            "nll": 6.004645287478098,
            "top1_acc": 0.1805549896092254,
            "top5_acc": 0.34167311845483067
          },
          "ood": {
            "nll": 7.206677981365384,
            "top1_acc": 0.10231720411485573,
            "top5_acc": 0.20733608118873612
          }
        }
      },
      "params_M": 123.566592,
      "wallclock_s": [
        241.23806166648865,
        240.84039163589478,
        241.4572036266327
      ]
    },
    "minimal_6L_100M_8k": {
      "per_seed": {
        "42": {
          "c4": {
            "nll": 5.9277128071390734,
            "top1_acc": 0.1899678089727395,
            "top5_acc": 0.35550711054969236
          },
          "ood": {
            "nll": 7.032662533337952,
            "top1_acc": 0.10896747601399329,
            "top5_acc": 0.22687125489245263
          }
        },
        "7": {
          "c4": {
            "nll": 5.962919196446762,
            "top1_acc": 0.18320361843445662,
            "top5_acc": 0.3490689050975918
          },
          "ood": {
            "nll": 7.053721727685221,
            "top1_acc": 0.10591943472688857,
            "top5_acc": 0.2224377402930276
          }
        },
        "13": {
          "c4": {
            "nll": 5.9016340002444885,
            "top1_acc": 0.19049753473778575,
            "top5_acc": 0.357503769202559
          },
          "ood": {
            "nll": 6.959509542447439,
            "top1_acc": 0.10896747601399329,
            "top5_acc": 0.22853382286723703
          }
        }
      },
      "params_M": 52.778496,
      "wallclock_s": [
        245.20692491531372,
        245.3720281124115,
        244.95299100875854
      ]
    }
  },
  "summary": {
    "baseline_100M_4k": {
      "c4_nll_mean": 6.01768469092539,
      "c4_top1_mean": 0.17971286146992113,
      "c4_top1_std": 0.0005975621451844948,
      "ood_nll_mean": 7.182293651068547,
      "ood_top1_mean": 0.10021590292450326,
      "ood_top1_std": 0.002801993944639208,
      "params_M": 123.566592,
      "wallclock_s_mean": 241.17855230967203
    },
    "minimal_6L_100M_8k": {
      "c4_nll_mean": 5.930755334610108,
      "c4_top1_mean": 0.18788965404832728,
      "c4_top1_std": 0.0033205772266667343,
      "ood_nll_mean": 7.015297934490204,
      "ood_top1_mean": 0.10795146225162504,
      "ood_top1_std": 0.0014368604422988782,
      "params_M": 52.778496,
      "wallclock_s_mean": 245.1773146788279
    }
  },
  "verdict": "PARTIAL_BIGDATA: minimal still better but gap reduced. C4 +0.82pp, OOD +0.77pp.",
  "elapsed_s": 1504.2371199131012
}