{
  "model": "Qwen/Qwen3-0.6B",
  "n_layers": 28,
  "d_model": 1024,
  "n_heads": 16,
  "cluster_layer": 14,
  "k_clusters": 8,
  "n_contexts": 500,
  "context_breakdown": {
    "wiki": 200,
    "math": 100,
    "code": 100,
    "fact": 100
  },
  "silhouette_score": 0.6653979420661926,
  "cluster_sizes": [
    188,
    67,
    53,
    16,
    31,
    112,
    31,
    2
  ],
  "cluster_purity": [
    1.0,
    0.6119402985074627,
    0.37735849056603776,
    0.8125,
    0.5806451612903226,
    0.7142857142857143,
    0.6451612903225806,
    1.0
  ],
  "cluster_domain_dist": [
    [
      1.0,
      0.0,
      0.0,
      0.0
    ],
    [
      0.0,
      0.3880597014925373,
      0.0,
      0.6119402985074627
    ],
    [
      0.07547169811320754,
      0.3018867924528302,
      0.37735849056603776,
      0.24528301886792453
    ],
    [
      0.0,
      0.1875,
      0.0,
      0.8125
    ],
    [
      0.0,
      0.5806451612903226,
      0.0,
      0.41935483870967744
    ],
    [
      0.07142857142857142,
      0.21428571428571427,
      0.7142857142857143,
      0.0
    ],
    [
      0.0,
      0.3548387096774194,
      0.0,
      0.6451612903225806
    ],
    [
      0.0,
      1.0,
      0.0,
      0.0
    ]
  ],
  "mean_domain_purity": 0.7177363693715147,
  "js_matrix": [
    [
      0.0,
      0.016479444008025076,
      0.009351069614829663,
      0.02130946038837047,
      0.018958785448222427,
      0.008652473292625012,
      0.013829935359141694,
      0.030287606186850998
    ],
    [
      0.016479444008025076,
      0.0,
      0.0021518280845787825,
      0.0011745906596024578,
      0.0006470213223826386,
      0.003673799421753928,
      0.0008274431632338834,
      0.005711842212390638
    ],
    [
      0.009351069614829663,
      0.0021518280845787825,
      0.0,
      0.004150532725785229,
      0.0031665146520419947,
      0.0011022944488829974,
      0.0016720904702463221,
      0.009900624901626024
    ],
    [
      0.02130946038837047,
      0.0011745906596024578,
      0.004150532725785229,
      0.0,
      0.0009538192571952348,
      0.006138112433485854,
      0.0023950687983036066,
      0.0034299341589040704
    ],
    [
      0.018958785448222427,
      0.0006470213223826386,
      0.0031665146520419947,
      0.0009538192571952348,
      0.0,
      0.004759299091146141,
      0.0014013376637603985,
      0.004178246422264901
    ],
    [
      0.008652473292625012,
      0.003673799421753928,
      0.0011022944488829974,
      0.006138112433485854,
      0.004759299091146141,
      0.0,
      0.0028814667201716056,
      0.011642595202633168
    ],
    [
      0.013829935359141694,
      0.0008274431632338834,
      0.0016720904702463221,
      0.0023950687983036066,
      0.0014013376637603985,
      0.0028814667201716056,
      0.0,
      0.007782687583198635
    ],
    [
      0.030287606186850998,
      0.005711842212390638,
      0.009900624901626024,
      0.0034299341589040704,
      0.004178246422264901,
      0.011642595202633168,
      0.007782687583198635,
      0.0
    ]
  ],
  "mean_js_divergence": 0.00709321156041621,
  "max_js_divergence": 0.030287606186850998,
  "frac_pairs_above_pass": 0.0,
  "layer_routing_diversity": [
    0.008651605681326228,
    0.004677163563733843,
    0.0048979945429054456,
    0.005828992329811452,
    0.011027849391440954,
    0.005709155108155251,
    0.00409221311043102,
    0.003780323690481109,
    0.006084521443124879,
    0.005154880224488477,
    0.0035339117589888677,
    0.0037065307641315675,
    0.0024387876894375604,
    0.001888545902886044,
    0.004513658926478537,
    0.0033274872853076487,
    0.006061696456470083,
    0.003928580034203001,
    0.006814003920206581,
    0.003535579555488158,
    0.003907079834105659,
    0.0029310713070464234,
    0.0031345272764725677,
    0.002371253738691031,
    0.005279370814466983,
    0.002354769050568087,
    0.0035235823321676124,
    0.004889362941666166
  ],
  "most_diverse_layer": 4,
  "verdict": "NULL: mean JS-div 0.0071 < 0.10. Head coalitions are uniform across internal states. Routing constitution model falsified for Qwen3-0.6B.",
  "elapsed_s": 33.58368420600891
}