{
  "genome": 141,
  "name": "minimal_prior_capability",
  "config": {
    "train_steps": 4000,
    "lr": 0.0003,
    "batch": 8,
    "seeds": [
      42,
      7,
      13
    ],
    "n_c4_eval": 200,
    "n_ood_eval": 200
  },
  "results": {
    "baseline_full": {
      "per_seed": {
        "42": {
          "c4": {
            "nll": 6.4664901201874105,
            "top1_acc": 0.15993073945813813,
            "top5_acc": 0.30741495212874315,
            "n_tokens": 49090
          },
          "ood": {
            "nll": 7.594610508815074,
            "top1_acc": 0.08887811298534862,
            "top5_acc": 0.18222437740293027,
            "n_tokens": 28871
          }
        },
        "7": {
          "c4": {
            "nll": 6.483438582195967,
            "top1_acc": 0.15616215115094723,
            "top5_acc": 0.30391118354043595,
            "n_tokens": 49090
          },
          "ood": {
            "nll": 7.575768071767517,
            "top1_acc": 0.0909563229538291,
            "top5_acc": 0.18589588168057913,
            "n_tokens": 28871
          }
        },
        "13": {
          "c4": {
            "nll": 6.453452841719291,
            "top1_acc": 0.15797514768792015,
            "top5_acc": 0.30678345895294357,
            "n_tokens": 49090
          },
          "ood": {
            "nll": 7.56911779986838,
            "top1_acc": 0.08818537632918846,
            "top5_acc": 0.18710817082885942,
            "n_tokens": 28871
          }
        }
      },
      "params_M": 29.928192,
      "wallclock_s": [
        103.50905585289001,
        94.00071692466736,
        94.89734745025635
      ]
    },
    "minimal_3L": {
      "per_seed": {
        "42": {
          "c4": {
            "nll": 6.4938684049704625,
            "top1_acc": 0.156243634141373,
            "top5_acc": 0.30238337746995314,
            "n_tokens": 49090
          },
          "ood": {
            "nll": 7.518132381974993,
            "top1_acc": 0.09002112846801288,
            "top5_acc": 0.18388694537771466,
            "n_tokens": 28871
          }
        },
        "7": {
          "c4": {
            "nll": 6.491260949276838,
            "top1_acc": 0.156243634141373,
            "top5_acc": 0.30305561214096555,
            "n_tokens": 49090
          },
          "ood": {
            "nll": 7.556925634719962,
            "top1_acc": 0.08908593398219666,
            "top5_acc": 0.18482213986353088,
            "n_tokens": 28871
          }
        },
        "13": {
          "c4": {
            "nll": 6.474312487268283,
            "top1_acc": 0.15791403544510083,
            "top5_acc": 0.3050723161540029,
            "n_tokens": 49090
          },
          "ood": {
            "nll": 7.605694295313636,
            "top1_acc": 0.09029822313047695,
            "top5_acc": 0.18350594021682656,
            "n_tokens": 28871
          }
        }
      },
      "params_M": 21.078528,
      "wallclock_s": [
        63.3394410610199,
        62.86772418022156,
        65.24328136444092
      ]
    }
  },
  "summary": {
    "baseline_full": {
      "c4_top1_mean": 0.15802267943233517,
      "c4_top1_std": 0.0015388868070392845,
      "c4_top5_mean": 0.30603653154070753,
      "c4_nll_mean": 6.467793848034223,
      "ood_top1_mean": 0.08933993742278873,
      "ood_top1_std": 0.0011774259091805585,
      "ood_top5_mean": 0.18507614330412295,
      "ood_nll_mean": 7.579832126816991,
      "ood_ppl_mean": 1958.3001917062222,
      "params_M": 29.928192,
      "wallclock_s_mean": 97.46904007593791
    },
    "minimal_3L": {
      "c4_top1_mean": 0.15680043457594894,
      "c4_top1_std": 0.0007874347261125353,
      "c4_top5_mean": 0.3035037685883072,
      "c4_nll_mean": 6.486480613838528,
      "ood_top1_mean": 0.08980176186022883,
      "ood_top1_std": 0.0005186537227717835,
      "ood_top5_mean": 0.1840716751526907,
      "ood_nll_mean": 7.56025077066953,
      "ood_ppl_mean": 1920.327014689023,
      "params_M": 21.078528,
      "wallclock_s_mean": 63.816815535227455
    }
  },
  "deltas_pp": {
    "c4_top1": 0.12222448563862232,
    "c4_top5": 0.2532762952400347,
    "ood_top1": -0.04618244374400976,
    "ood_top5": 0.10044681514322362
  },
  "verdict": "PASS: minimal_3L matches capability within 1pp top-1 (+0.12/-0.05) and 1.5pp top-5 across BOTH C4 and OOD, std 0.08pp. Efficiency win extends to CAPABILITY, not just NLL.",
  "elapsed_s": 511.55686211586
}