{
  "genome": 142,
  "name": "push_efficiency_boundary",
  "config": {
    "train_steps": 4000,
    "lr": 0.0003,
    "batch": 8,
    "seeds": [
      42,
      7,
      13
    ]
  },
  "results": {
    "baseline_full": {
      "per_seed": {
        "42": {
          "c4": {
            "nll": 6.4664901201874105,
            "top1_acc": 0.15993073945813813,
            "top5_acc": 0.30741495212874315
          },
          "ood": {
            "nll": 7.594610508815074,
            "top1_acc": 0.08887811298534862,
            "top5_acc": 0.18222437740293027
          }
        },
        "7": {
          "c4": {
            "nll": 6.483438582195967,
            "top1_acc": 0.15616215115094723,
            "top5_acc": 0.30391118354043595
          },
          "ood": {
            "nll": 7.575768071767517,
            "top1_acc": 0.0909563229538291,
            "top5_acc": 0.18589588168057913
          }
        },
        "13": {
          "c4": {
            "nll": 6.453452841719291,
            "top1_acc": 0.15797514768792015,
            "top5_acc": 0.30678345895294357
          },
          "ood": {
            "nll": 7.56911779986838,
            "top1_acc": 0.08818537632918846,
            "top5_acc": 0.18710817082885942
          }
        }
      },
      "params_M": 29.928192,
      "wallclock_s": [
        94.5484836101532,
        95.52807092666626,
        94.07940578460693
      ]
    },
    "minimal_3L": {
      "per_seed": {
        "42": {
          "c4": {
            "nll": 6.4938684049704625,
            "top1_acc": 0.156243634141373,
            "top5_acc": 0.30238337746995314
          },
          "ood": {
            "nll": 7.518132381974993,
            "top1_acc": 0.09002112846801288,
            "top5_acc": 0.18388694537771466
          }
        },
        "7": {
          "c4": {
            "nll": 6.491260949276838,
            "top1_acc": 0.156243634141373,
            "top5_acc": 0.30305561214096555
          },
          "ood": {
            "nll": 7.556925634719962,
            "top1_acc": 0.08908593398219666,
            "top5_acc": 0.18482213986353088
          }
        },
        "13": {
          "c4": {
            "nll": 6.474312487268283,
            "top1_acc": 0.15791403544510083,
            "top5_acc": 0.3050723161540029
          },
          "ood": {
            "nll": 7.605694295313636,
            "top1_acc": 0.09029822313047695,
            "top5_acc": 0.18350594021682656
          }
        }
      },
      "params_M": 21.078528,
      "wallclock_s": [
        63.323543548583984,
        63.40742039680481,
        64.87075638771057
      ]
    },
    "minimal_2L": {
      "per_seed": {
        "42": {
          "c4": {
            "nll": 6.532980240374822,
            "top1_acc": 0.15467508657567733,
            "top5_acc": 0.29753513953962113
          },
          "ood": {
            "nll": 7.572442935817949,
            "top1_acc": 0.08572616119981989,
            "top5_acc": 0.17817186796439333
          }
        },
        "7": {
          "c4": {
            "nll": 6.505601955591771,
            "top1_acc": 0.15697698105520472,
            "top5_acc": 0.3034833978407008
          },
          "ood": {
            "nll": 7.595718887464931,
            "top1_acc": 0.09026358629766894,
            "top5_acc": 0.18385230854490667
          }
        },
        "13": {
          "c4": {
            "nll": 6.522550417600326,
            "top1_acc": 0.15355469545732328,
            "top5_acc": 0.3020778162558566
          },
          "ood": {
            "nll": 7.56025077066953,
            "top1_acc": 0.08555297703577985,
            "top5_acc": 0.181150635585882
          }
        }
      },
      "params_M": 20.487936,
      "wallclock_s": [
        59.9602210521698,
        60.1209020614624,
        60.26917099952698
      ]
    },
    "minimal_1L": {
      "per_seed": {
        "42": {
          "c4": {
            "nll": 6.638582195966592,
            "top1_acc": 0.1496638826644938,
            "top5_acc": 0.29244245263801183
          },
          "ood": {
            "nll": 7.645595926708462,
            "top1_acc": 0.0866959925184441,
            "top5_acc": 0.1784143257940494
          }
        },
        "7": {
          "c4": {
            "nll": 6.6177225504176,
            "top1_acc": 0.14899164799348136,
            "top5_acc": 0.2910572418007741
          },
          "ood": {
            "nll": 7.637837276159468,
            "top1_acc": 0.08960548647431679,
            "top5_acc": 0.1819472827404662
          }
        },
        "13": {
          "c4": {
            "nll": 6.594255449174985,
            "top1_acc": 0.14903238948869424,
            "top5_acc": 0.2935628437563659
          },
          "ood": {
            "nll": 7.660004849156593,
            "top1_acc": 0.08912057081500467,
            "top5_acc": 0.17678639465207302
          }
        }
      },
      "params_M": 19.897344,
      "wallclock_s": [
        53.864282846450806,
        52.647573947906494,
        51.6322546005249
      ]
    }
  },
  "summary": {
    "baseline_full": {
      "c4_nll_mean": 6.467793848034223,
      "c4_top1_mean": 0.15802267943233517,
      "c4_top1_std": 0.0015388868070392845,
      "ood_nll_mean": 7.579832126816991,
      "ood_top1_mean": 0.08933993742278873,
      "ood_top1_std": 0.0011774259091805585,
      "params_M": 29.928192,
      "wallclock_s_mean": 94.71865344047546
    },
    "minimal_3L": {
      "c4_nll_mean": 6.486480613838528,
      "c4_top1_mean": 0.15680043457594894,
      "c4_top1_std": 0.0007874347261125353,
      "ood_nll_mean": 7.56025077066953,
      "ood_top1_mean": 0.08980176186022883,
      "ood_top1_std": 0.0005186537227717835,
      "params_M": 21.078528,
      "wallclock_s_mean": 63.86724011103312
    },
    "minimal_2L": {
      "c4_nll_mean": 6.52037753785564,
      "c4_top1_mean": 0.15506892102940176,
      "c4_top1_std": 0.0014246260002943462,
      "ood_nll_mean": 7.57613753131747,
      "ood_top1_mean": 0.08718090817775621,
      "ood_top1_std": 0.0021809289277599096,
      "params_M": 20.487936,
      "wallclock_s_mean": 60.11676470438639
    },
    "minimal_1L": {
      "c4_nll_mean": 6.6168533985197255,
      "c4_top1_mean": 0.14922930671555645,
      "c4_top1_std": 0.00030774140540842633,
      "ood_nll_mean": 7.647812684008174,
      "ood_top1_mean": 0.08847401660258852,
      "ood_top1_std": 0.001272743239885071,
      "params_M": 19.897344,
      "wallclock_s_mean": 52.71470379829407
    }
  },
  "boundaries": {
    "minimal_3L": {
      "verdict": "PASS",
      "c4_nll_gap": 0.01868676580430506,
      "ood_nll_gap": -0.01958135614746137,
      "c4_top1_gap_pp": 0.12222448563862232,
      "ood_top1_gap_pp": -0.04618244374400976,
      "params_pct": 70.43034206677102,
      "time_pct": 67.42836578770573,
      "max_top1_std_pp": 0.07874347261125353
    },
    "minimal_2L": {
      "verdict": "PARTIAL",
      "c4_nll_gap": 0.052583689821417146,
      "ood_nll_gap": -0.003694595499521114,
      "c4_top1_gap_pp": 0.29537584029334096,
      "ood_top1_gap_pp": 0.2159029245032515,
      "params_pct": 68.45697862403449,
      "time_pct": 63.4687704277446,
      "max_top1_std_pp": 0.21809289277599098
    },
    "minimal_1L": {
      "verdict": "PARTIAL",
      "c4_nll_gap": 0.1490595504855028,
      "ood_nll_gap": 0.06798055719118246,
      "c4_top1_gap_pp": 0.8793372716778713,
      "ood_top1_gap_pp": 0.08659208202002056,
      "params_pct": 66.48361518129796,
      "time_pct": 55.65398354340187,
      "max_top1_std_pp": 0.1272743239885071
    }
  },
  "headline": "PARTIAL_2L: minimal_2L within 2pp top-1, refinement of efficiency frontier. Boundary near 2L.",
  "elapsed_s": 842.6345269680023
}